-- SCRIPT DE MIGRACIÓN DE DATOS DE INSFORGE A SUPABASE
-- Generado automáticamente el: 2026-05-22T02:09:57.203Z

BEGIN;

-- Deshabilitar triggers
ALTER TABLE public.marca DISABLE TRIGGER ALL;
ALTER TABLE public.auto_marca DISABLE TRIGGER ALL;
ALTER TABLE public.auto_modelo DISABLE TRIGGER ALL;
ALTER TABLE public.auto_version DISABLE TRIGGER ALL;
ALTER TABLE public.familia_repuesto DISABLE TRIGGER ALL;
ALTER TABLE public.articulo DISABLE TRIGGER ALL;
ALTER TABLE public.company_profile DISABLE TRIGGER ALL;
ALTER TABLE public.customers DISABLE TRIGGER ALL;
ALTER TABLE public.caja_sesion DISABLE TRIGGER ALL;
ALTER TABLE public.customer_credit_accounts DISABLE TRIGGER ALL;
ALTER TABLE public.accounting_accounts DISABLE TRIGGER ALL;
ALTER TABLE public.arca_credentials DISABLE TRIGGER ALL;
ALTER TABLE public.grupo_equivalencia DISABLE TRIGGER ALL;
ALTER TABLE public.users DISABLE TRIGGER ALL;
ALTER TABLE public.inventory DISABLE TRIGGER ALL;
ALTER TABLE public.afip_vouchers DISABLE TRIGGER ALL;
ALTER TABLE public.accounting_transactions DISABLE TRIGGER ALL;
ALTER TABLE public.accounting_entries DISABLE TRIGGER ALL;
ALTER TABLE public.caja_movimiento DISABLE TRIGGER ALL;
ALTER TABLE public.customer_credit_movements DISABLE TRIGGER ALL;
ALTER TABLE public.articulo_compatibilidad DISABLE TRIGGER ALL;

-- Datos para tabla public.marca (18 registros)
INSERT INTO public.marca (id, nombre, pais_origen, created_at) VALUES ('28b87070-294e-4a3e-8cce-3c7da0d6543d', 'Corven', 'Argentina', '2026-05-19T04:56:16.988952+00:00') ON CONFLICT DO NOTHING;
INSERT INTO public.marca (id, nombre, pais_origen, created_at) VALUES ('022677b1-149c-45af-b61e-b244279244ae', 'FRAM', 'Estados Unidos', '2026-05-19T04:56:16.988952+00:00') ON CONFLICT DO NOTHING;
INSERT INTO public.marca (id, nombre, pais_origen, created_at) VALUES ('d5cf178b-58e4-4de5-bc62-57dd543d7d20', 'Bosch', 'Alemania', '2026-05-19T04:56:16.988952+00:00') ON CONFLICT DO NOTHING;
INSERT INTO public.marca (id, nombre, pais_origen, created_at) VALUES ('c33dcb5d-fbe8-4ff8-b4e0-c246bac0dd21', 'MANN-FILTER', 'Alemania', '2026-05-19T04:56:16.988952+00:00') ON CONFLICT DO NOTHING;
INSERT INTO public.marca (id, nombre, pais_origen, created_at) VALUES ('1e95493e-8262-4c25-8fea-1ec26fc0d623', 'Valeo', NULL, '2026-05-20T03:36:51.661309+00:00') ON CONFLICT DO NOTHING;
INSERT INTO public.marca (id, nombre, pais_origen, created_at) VALUES ('1ded4b29-9463-46e9-8d97-f8c9de01c482', 'SKF', NULL, '2026-05-20T03:36:51.661309+00:00') ON CONFLICT DO NOTHING;
INSERT INTO public.marca (id, nombre, pais_origen, created_at) VALUES ('f62eaeb7-d794-4860-8c87-878ee3c5f54b', 'TRW', NULL, '2026-05-20T03:36:51.661309+00:00') ON CONFLICT DO NOTHING;
INSERT INTO public.marca (id, nombre, pais_origen, created_at) VALUES ('c4de08d6-9461-44ee-8ff2-d5a5d68d558e', 'ACDelco', NULL, '2026-05-20T03:36:51.661309+00:00') ON CONFLICT DO NOTHING;
INSERT INTO public.marca (id, nombre, pais_origen, created_at) VALUES ('3ad63cea-b3d5-41c1-8357-40935f8e6c77', 'NGK', NULL, '2026-05-20T03:36:51.661309+00:00') ON CONFLICT DO NOTHING;
INSERT INTO public.marca (id, nombre, pais_origen, created_at) VALUES ('e16f807a-4cce-4d0f-ab63-943db8fccee9', 'SKF Argentina', NULL, '2026-05-20T03:42:10.406676+00:00') ON CONFLICT DO NOTHING;
INSERT INTO public.marca (id, nombre, pais_origen, created_at) VALUES ('69a7d86d-9653-4b97-bedc-58a621a92c0c', 'Monroe Fric Rot', NULL, '2026-05-20T03:42:10.406676+00:00') ON CONFLICT DO NOTHING;
INSERT INTO public.marca (id, nombre, pais_origen, created_at) VALUES ('3c7c3132-2830-4014-847b-75f0086745e4', 'FricRot', NULL, '2026-05-20T03:42:10.406676+00:00') ON CONFLICT DO NOTHING;
INSERT INTO public.marca (id, nombre, pais_origen, created_at) VALUES ('fe343eb8-77f7-4f35-975b-e8f8ad506141', 'Sachs', NULL, '2026-05-20T03:42:10.406676+00:00') ON CONFLICT DO NOTHING;
INSERT INTO public.marca (id, nombre, pais_origen, created_at) VALUES ('fdcffe5f-7cea-4060-bd8c-80eccbaa649a', 'NGK Spark', NULL, '2026-05-20T03:42:10.406676+00:00') ON CONFLICT DO NOTHING;
INSERT INTO public.marca (id, nombre, pais_origen, created_at) VALUES ('f539b4f6-3c7d-4a30-a13d-f4e203a91c9e', 'Magneti Mareli', NULL, '2026-05-20T03:42:10.406676+00:00') ON CONFLICT DO NOTHING;
INSERT INTO public.marca (id, nombre, pais_origen, created_at) VALUES ('04a95efb-1458-4d79-b3b5-02c59580c39b', 'Magneti Marelli', NULL, '2026-05-20T03:42:10.406676+00:00') ON CONFLICT DO NOTHING;
INSERT INTO public.marca (id, nombre, pais_origen, created_at) VALUES ('06fea0f2-440f-4380-9568-e7824cd76dd2', 'Taranto S.A.', NULL, '2026-05-20T03:42:10.406676+00:00') ON CONFLICT DO NOTHING;
INSERT INTO public.marca (id, nombre, pais_origen, created_at) VALUES ('ef708b13-ff29-4742-a672-905f75a7baf3', 'Taranto', NULL, '2026-05-20T03:42:10.406676+00:00') ON CONFLICT DO NOTHING;

-- Datos para tabla public.auto_marca (4 registros)
INSERT INTO public.auto_marca (id, nombre, created_at) VALUES ('3ce85450-83c6-431a-9911-1e7ef5f1c722', 'Peugeot', '2026-05-19T04:56:16.988952+00:00') ON CONFLICT DO NOTHING;
INSERT INTO public.auto_marca (id, nombre, created_at) VALUES ('9158b536-a2bc-4ddd-968b-b56f9ba322a4', 'Renault', '2026-05-19T04:56:16.988952+00:00') ON CONFLICT DO NOTHING;
INSERT INTO public.auto_marca (id, nombre, created_at) VALUES ('fd3def03-41cb-415b-988b-8e4467dcb41a', 'Chevrolet', '2026-05-19T04:56:16.988952+00:00') ON CONFLICT DO NOTHING;
INSERT INTO public.auto_marca (id, nombre, created_at) VALUES ('06414149-db65-4ee7-8501-e4761d08c3ff', 'Fiat', '2026-05-19T04:56:16.988952+00:00') ON CONFLICT DO NOTHING;

-- Datos para tabla public.auto_modelo (4 registros)
INSERT INTO public.auto_modelo (id, marca_id, nombre, created_at) VALUES ('45267ac8-f50e-416b-90e3-c06900fbe565', '3ce85450-83c6-431a-9911-1e7ef5f1c722', '208', '2026-05-19T04:56:16.988952+00:00') ON CONFLICT DO NOTHING;
INSERT INTO public.auto_modelo (id, marca_id, nombre, created_at) VALUES ('ad12f8de-5829-4b0f-b909-56d35e7292a3', '9158b536-a2bc-4ddd-968b-b56f9ba322a4', 'Clio', '2026-05-19T04:56:16.988952+00:00') ON CONFLICT DO NOTHING;
INSERT INTO public.auto_modelo (id, marca_id, nombre, created_at) VALUES ('4ff29368-1e25-4a7d-a2d1-135ae09dc232', 'fd3def03-41cb-415b-988b-8e4467dcb41a', 'Corsa', '2026-05-19T04:56:16.988952+00:00') ON CONFLICT DO NOTHING;
INSERT INTO public.auto_modelo (id, marca_id, nombre, created_at) VALUES ('f49066c6-2d38-4014-bef7-5933db25b4b1', '06414149-db65-4ee7-8501-e4761d08c3ff', 'Cronos', '2026-05-19T04:56:16.988952+00:00') ON CONFLICT DO NOTHING;

-- Datos para tabla public.auto_version (11 registros)
INSERT INTO public.auto_version (id, modelo_id, motorizacion, anio_desde, anio_hasta, created_at) VALUES ('ba1cc43b-f86a-4910-bce0-9fc865d277db', '45267ac8-f50e-416b-90e3-c06900fbe565', '1.6 16v VTi', 2013, 2020, '2026-05-19T04:56:16.988952+00:00') ON CONFLICT DO NOTHING;
INSERT INTO public.auto_version (id, modelo_id, motorizacion, anio_desde, anio_hasta, created_at) VALUES ('d3e20971-5f94-42e4-8362-0e469b1b355d', '45267ac8-f50e-416b-90e3-c06900fbe565', '1.6 16v VTi (L20)', 2020, NULL, '2026-05-19T04:56:16.988952+00:00') ON CONFLICT DO NOTHING;
INSERT INTO public.auto_version (id, modelo_id, motorizacion, anio_desde, anio_hasta, created_at) VALUES ('7b279a4c-762b-4101-8368-b4da0d9deb9d', '45267ac8-f50e-416b-90e3-c06900fbe565', '1.2 3C PureTech', 2016, 2020, '2026-05-19T04:56:16.988952+00:00') ON CONFLICT DO NOTHING;
INSERT INTO public.auto_version (id, modelo_id, motorizacion, anio_desde, anio_hasta, created_at) VALUES ('7c0670b5-3550-4ca6-9e14-3c03f3963923', 'ad12f8de-5829-4b0f-b909-56d35e7292a3', '1.2 16v D4F', 2003, 2016, '2026-05-19T04:56:16.988952+00:00') ON CONFLICT DO NOTHING;
INSERT INTO public.auto_version (id, modelo_id, motorizacion, anio_desde, anio_hasta, created_at) VALUES ('ab3b601b-39fe-429a-bda6-7fe62d126015', 'ad12f8de-5829-4b0f-b909-56d35e7292a3', '1.6 16v K4M', 2000, 2010, '2026-05-19T04:56:16.988952+00:00') ON CONFLICT DO NOTHING;
INSERT INTO public.auto_version (id, modelo_id, motorizacion, anio_desde, anio_hasta, created_at) VALUES ('275294d4-66ec-4e54-b862-3bfa7d588143', 'ad12f8de-5829-4b0f-b909-56d35e7292a3', '1.5 dCi K9K', 2003, 2009, '2026-05-19T04:56:16.988952+00:00') ON CONFLICT DO NOTHING;
INSERT INTO public.auto_version (id, modelo_id, motorizacion, anio_desde, anio_hasta, created_at) VALUES ('fa246892-5142-4627-bfdf-e25276557bf6', '4ff29368-1e25-4a7d-a2d1-135ae09dc232', '1.4 8v MPFI', 2009, 2016, '2026-05-19T04:56:16.988952+00:00') ON CONFLICT DO NOTHING;
INSERT INTO public.auto_version (id, modelo_id, motorizacion, anio_desde, anio_hasta, created_at) VALUES ('7ee35ab0-1654-4725-ac48-516ebf4da717', '4ff29368-1e25-4a7d-a2d1-135ae09dc232', '1.6 8v MPFI', 1996, 2009, '2026-05-19T04:56:16.988952+00:00') ON CONFLICT DO NOTHING;
INSERT INTO public.auto_version (id, modelo_id, motorizacion, anio_desde, anio_hasta, created_at) VALUES ('1fa06e84-a2d9-496f-a892-5bdb41bfc098', '4ff29368-1e25-4a7d-a2d1-135ae09dc232', '1.7 D', 1998, 2005, '2026-05-19T04:56:16.988952+00:00') ON CONFLICT DO NOTHING;
INSERT INTO public.auto_version (id, modelo_id, motorizacion, anio_desde, anio_hasta, created_at) VALUES ('88799fa3-200f-4aa6-a277-72ad8cabbf68', 'f49066c6-2d38-4014-bef7-5933db25b4b1', '1.3 8v Firefly', 2018, NULL, '2026-05-19T04:56:16.988952+00:00') ON CONFLICT DO NOTHING;
INSERT INTO public.auto_version (id, modelo_id, motorizacion, anio_desde, anio_hasta, created_at) VALUES ('f15aed36-6c7d-420b-875d-ce88987798d7', 'f49066c6-2d38-4014-bef7-5933db25b4b1', '1.8 16v E.torQ', 2018, 2022, '2026-05-19T04:56:16.988952+00:00') ON CONFLICT DO NOTHING;

-- Datos para tabla public.familia_repuesto (13 registros)
INSERT INTO public.familia_repuesto (id, nombre, descripcion, created_at) VALUES ('ed900a69-6056-4bb4-8f85-d6f951551f4d', 'Filtros', 'Filtros de aceite, aire, habitáculo y combustible', '2026-05-19T04:56:16.988952+00:00') ON CONFLICT DO NOTHING;
INSERT INTO public.familia_repuesto (id, nombre, descripcion, created_at) VALUES ('07f67641-e643-49a6-8ffc-ab32965fc1ce', 'Frenos', 'Pastillas, discos, cintas, campanas y líquidos de freno', '2026-05-19T04:56:16.988952+00:00') ON CONFLICT DO NOTHING;
INSERT INTO public.familia_repuesto (id, nombre, descripcion, created_at) VALUES ('fcd17de8-8678-4114-8b03-1d7f128b6395', 'Suspensión', 'Amortiguadores, espirales, cazoletas, rótulas y extremos', '2026-05-19T04:56:16.988952+00:00') ON CONFLICT DO NOTHING;
INSERT INTO public.familia_repuesto (id, nombre, descripcion, created_at) VALUES ('775c08f5-e3f1-4cc0-94c3-5285e1a2ac60', 'Motor', 'Correas, tensores, bombas de agua y componentes internos', '2026-05-19T04:56:16.988952+00:00') ON CONFLICT DO NOTHING;
INSERT INTO public.familia_repuesto (id, nombre, descripcion, created_at) VALUES ('b4b0b1d3-7b0e-45d6-8a46-e0003af6447d', 'Electricidad', NULL, '2026-05-20T03:36:52.095113+00:00') ON CONFLICT DO NOTHING;
INSERT INTO public.familia_repuesto (id, nombre, descripcion, created_at) VALUES ('174ea907-d5ba-4015-8e99-018a8c9a1b6e', 'Transmisió', NULL, '2026-05-20T03:36:52.095113+00:00') ON CONFLICT DO NOTHING;
INSERT INTO public.familia_repuesto (id, nombre, descripcion, created_at) VALUES ('030591a7-37a4-4a91-8ced-ea5c7f30c74d', 'Encendido', NULL, '2026-05-20T03:42:10.813252+00:00') ON CONFLICT DO NOTHING;
INSERT INTO public.familia_repuesto (id, nombre, descripcion, created_at) VALUES ('8cfc415b-7405-492c-83ca-000485adc80c', 'Sistema de Encendido', NULL, '2026-05-20T03:42:10.813252+00:00') ON CONFLICT DO NOTHING;
INSERT INTO public.familia_repuesto (id, nombre, descripcion, created_at) VALUES ('40f4370a-5d6c-4c08-815d-809919fd8a25', 'Filtracion', NULL, '2026-05-20T03:42:10.813252+00:00') ON CONFLICT DO NOTHING;
INSERT INTO public.familia_repuesto (id, nombre, descripcion, created_at) VALUES ('c1dcbf25-159e-4d88-b99c-329840420cf5', 'Suspencion y Direccion', NULL, '2026-05-20T03:42:10.813252+00:00') ON CONFLICT DO NOTHING;
INSERT INTO public.familia_repuesto (id, nombre, descripcion, created_at) VALUES ('9f2b2888-b14b-412b-bcdd-e670077dd90a', 'Embragues', NULL, '2026-05-20T03:42:10.813252+00:00') ON CONFLICT DO NOTHING;
INSERT INTO public.familia_repuesto (id, nombre, descripcion, created_at) VALUES ('9615d32a-04fb-4ab9-90cd-c149ad6d9003', 'Sistema Frenos', NULL, '2026-05-20T03:42:10.813252+00:00') ON CONFLICT DO NOTHING;
INSERT INTO public.familia_repuesto (id, nombre, descripcion, created_at) VALUES ('ed4c7f7c-b968-4993-af4e-9602945ce472', 'Partes de Motor', NULL, '2026-05-20T03:42:10.813252+00:00') ON CONFLICT DO NOTHING;

-- Datos para tabla public.articulo (100 registros)
INSERT INTO public.articulo (id, codigo_fabricante, codigo_barras, descripcion, marca_id, familia_id, grupo_equivalencia_id, precio_costo, precio_minorista, precio_mayorista, stock_actual, stock_minimo, ubicacion_deposito, tsv_busqueda, created_at) VALUES ('40aaeada-3b8f-462a-81a1-08bcbeb59872', 'FRE-BOS-1006', '7798951070571', 'Pastillas de freno', 'd5cf178b-58e4-4de5-bc62-57dd543d7d20', '07f67641-e643-49a6-8ffc-ab32965fc1ce', NULL, 9200, 12420, 11454, 25, 25, 'F8', '''1006'':4A ''bos'':3A ''bosch'':8C ''fre'':2A ''fre-b'':1A ''fren'':7B,9C ''pastill'':5B', '2026-05-20T04:44:42.382393+00:00') ON CONFLICT DO NOTHING;
INSERT INTO public.articulo (id, codigo_fabricante, codigo_barras, descripcion, marca_id, familia_id, grupo_equivalencia_id, precio_costo, precio_minorista, precio_mayorista, stock_actual, stock_minimo, ubicacion_deposito, tsv_busqueda, created_at) VALUES ('1b3b1cc4-93e4-477b-9c25-b2b733830c27', 'FRE-VAL-1007', '7797066655529', 'Cilindro de freno', '1e95493e-8262-4c25-8fea-1ec26fc0d623', '07f67641-e643-49a6-8ffc-ab32965fc1ce', NULL, 10400, 14040, 12948, 128, 128, 'D4', '''1007'':4A ''cilindr'':5B ''fre'':2A ''fre-val'':1A ''fren'':7B,9C ''val'':3A ''vale'':8C', '2026-05-20T04:44:42.382393+00:00') ON CONFLICT DO NOTHING;
INSERT INTO public.articulo (id, codigo_fabricante, codigo_barras, descripcion, marca_id, familia_id, grupo_equivalencia_id, precio_costo, precio_minorista, precio_mayorista, stock_actual, stock_minimo, ubicacion_deposito, tsv_busqueda, created_at) VALUES ('b68c4d32-1e17-458d-88d3-787072b99c71', 'FRE-VAL-1008', '7795668139058', 'Pastillas de freno', '1e95493e-8262-4c25-8fea-1ec26fc0d623', '07f67641-e643-49a6-8ffc-ab32965fc1ce', NULL, 7600, 10260, 9462, 102, 102, 'C7', '''1008'':4A ''fre'':2A ''fre-val'':1A ''fren'':7B,9C ''pastill'':5B ''val'':3A ''vale'':8C', '2026-05-20T04:44:42.382393+00:00') ON CONFLICT DO NOTHING;
INSERT INTO public.articulo (id, codigo_fabricante, codigo_barras, descripcion, marca_id, familia_id, grupo_equivalencia_id, precio_costo, precio_minorista, precio_mayorista, stock_actual, stock_minimo, ubicacion_deposito, tsv_busqueda, created_at) VALUES ('088ed554-efa8-4507-90c5-c0a2fbf65d3c', 'FRE-VAL-1009', '7791739390298', 'Disco de freno', '1e95493e-8262-4c25-8fea-1ec26fc0d623', '07f67641-e643-49a6-8ffc-ab32965fc1ce', NULL, 13300, 17955, 16558.5, 108, 108, 'B3', '''1009'':4A ''disc'':5B ''fre'':2A ''fre-val'':1A ''fren'':7B,9C ''val'':3A ''vale'':8C', '2026-05-20T04:44:42.382393+00:00') ON CONFLICT DO NOTHING;
INSERT INTO public.articulo (id, codigo_fabricante, codigo_barras, descripcion, marca_id, familia_id, grupo_equivalencia_id, precio_costo, precio_minorista, precio_mayorista, stock_actual, stock_minimo, ubicacion_deposito, tsv_busqueda, created_at) VALUES ('92d628db-df56-49f9-bd92-7b618c7384df', 'FRE-VAL-1010', '7796198973815', 'Cilindro de freno', '1e95493e-8262-4c25-8fea-1ec26fc0d623', '07f67641-e643-49a6-8ffc-ab32965fc1ce', NULL, 10800, 14580, 13446, 41, 41, 'B4', '''1010'':4A ''cilindr'':5B ''fre'':2A ''fre-val'':1A ''fren'':7B,9C ''val'':3A ''vale'':8C', '2026-05-20T04:44:42.382393+00:00') ON CONFLICT DO NOTHING;
INSERT INTO public.articulo (id, codigo_fabricante, codigo_barras, descripcion, marca_id, familia_id, grupo_equivalencia_id, precio_costo, precio_minorista, precio_mayorista, stock_actual, stock_minimo, ubicacion_deposito, tsv_busqueda, created_at) VALUES ('56bc7d3c-79b9-446a-8e44-ae635f288f41', 'FRE-VAL-1011', '7797846435259', 'Pastillas de freno', '1e95493e-8262-4c25-8fea-1ec26fc0d623', '07f67641-e643-49a6-8ffc-ab32965fc1ce', NULL, 8400, 11340, 10458, 83, 83, 'A6', '''1011'':4A ''fre'':2A ''fre-val'':1A ''fren'':7B,9C ''pastill'':5B ''val'':3A ''vale'':8C', '2026-05-20T04:44:42.382393+00:00') ON CONFLICT DO NOTHING;
INSERT INTO public.articulo (id, codigo_fabricante, codigo_barras, descripcion, marca_id, familia_id, grupo_equivalencia_id, precio_costo, precio_minorista, precio_mayorista, stock_actual, stock_minimo, ubicacion_deposito, tsv_busqueda, created_at) VALUES ('af456a03-b3a8-44d8-a7b4-577adaf32b18', 'FRE-VAL-1012', '7799195165689', 'Disco de freno', '1e95493e-8262-4c25-8fea-1ec26fc0d623', '07f67641-e643-49a6-8ffc-ab32965fc1ce', NULL, 11200, 15120, 13944, 45, 45, 'G7', '''1012'':4A ''disc'':5B ''fre'':2A ''fre-val'':1A ''fren'':7B,9C ''val'':3A ''vale'':8C', '2026-05-20T04:44:42.382393+00:00') ON CONFLICT DO NOTHING;
INSERT INTO public.articulo (id, codigo_fabricante, codigo_barras, descripcion, marca_id, familia_id, grupo_equivalencia_id, precio_costo, precio_minorista, precio_mayorista, stock_actual, stock_minimo, ubicacion_deposito, tsv_busqueda, created_at) VALUES ('86be758c-553e-443a-b342-f82a48a27573', 'FRE-SKF-1013', '7791055375214', 'Cilindro de freno', '1ded4b29-9463-46e9-8d97-f8c9de01c482', '07f67641-e643-49a6-8ffc-ab32965fc1ce', NULL, 8700, 11745, 10831.5, 115, 115, 'B3', '''1013'':4A ''cilindr'':5B ''fre'':2A ''fre-skf'':1A ''fren'':7B,9C ''skf'':3A,8C', '2026-05-20T04:44:42.382393+00:00') ON CONFLICT DO NOTHING;
INSERT INTO public.articulo (id, codigo_fabricante, codigo_barras, descripcion, marca_id, familia_id, grupo_equivalencia_id, precio_costo, precio_minorista, precio_mayorista, stock_actual, stock_minimo, ubicacion_deposito, tsv_busqueda, created_at) VALUES ('e8c44814-f68c-4a2c-af70-c3f608d1c0bf', 'FRE-SKF-1014', '7797456005156', 'Cilindro de freno', '1ded4b29-9463-46e9-8d97-f8c9de01c482', '07f67641-e643-49a6-8ffc-ab32965fc1ce', NULL, 9400, 12690, 11703, 32, 32, 'H4', '''1014'':4A ''cilindr'':5B ''fre'':2A ''fre-skf'':1A ''fren'':7B,9C ''skf'':3A,8C', '2026-05-20T04:44:42.382393+00:00') ON CONFLICT DO NOTHING;
INSERT INTO public.articulo (id, codigo_fabricante, codigo_barras, descripcion, marca_id, familia_id, grupo_equivalencia_id, precio_costo, precio_minorista, precio_mayorista, stock_actual, stock_minimo, ubicacion_deposito, tsv_busqueda, created_at) VALUES ('a8e807d2-9304-4b63-ad80-087b732c5729', 'FRE-SKF-1015', '7795090410558', 'Disco de freno', '1ded4b29-9463-46e9-8d97-f8c9de01c482', '07f67641-e643-49a6-8ffc-ab32965fc1ce', NULL, 13700, 18495, 17056.5, 50, 50, 'C1', '''1015'':4A ''disc'':5B ''fre'':2A ''fre-skf'':1A ''fren'':7B,9C ''skf'':3A,8C', '2026-05-20T04:44:42.382393+00:00') ON CONFLICT DO NOTHING;
INSERT INTO public.articulo (id, codigo_fabricante, codigo_barras, descripcion, marca_id, familia_id, grupo_equivalencia_id, precio_costo, precio_minorista, precio_mayorista, stock_actual, stock_minimo, ubicacion_deposito, tsv_busqueda, created_at) VALUES ('bdf0b98f-ca1b-4fb1-a0a3-80494bc809c3', 'FRE-SKF-1016', '7794499896222', 'Disco de freno', '1ded4b29-9463-46e9-8d97-f8c9de01c482', '07f67641-e643-49a6-8ffc-ab32965fc1ce', NULL, 11000, 14850, 13695, 118, 118, 'C5', '''1016'':4A ''disc'':5B ''fre'':2A ''fre-skf'':1A ''fren'':7B,9C ''skf'':3A,8C', '2026-05-20T04:44:42.382393+00:00') ON CONFLICT DO NOTHING;
INSERT INTO public.articulo (id, codigo_fabricante, codigo_barras, descripcion, marca_id, familia_id, grupo_equivalencia_id, precio_costo, precio_minorista, precio_mayorista, stock_actual, stock_minimo, ubicacion_deposito, tsv_busqueda, created_at) VALUES ('35b862eb-88b5-418d-9136-babfc60ea4d3', 'FRE-SKF-1017', '7798802543025', 'Pastillas de freno', '1ded4b29-9463-46e9-8d97-f8c9de01c482', '07f67641-e643-49a6-8ffc-ab32965fc1ce', NULL, 9100, 12285, 11329.5, 19, 19, 'C7', '''1017'':4A ''fre'':2A ''fre-skf'':1A ''fren'':7B,9C ''pastill'':5B ''skf'':3A,8C', '2026-05-20T04:44:42.382393+00:00') ON CONFLICT DO NOTHING;
INSERT INTO public.articulo (id, codigo_fabricante, codigo_barras, descripcion, marca_id, familia_id, grupo_equivalencia_id, precio_costo, precio_minorista, precio_mayorista, stock_actual, stock_minimo, ubicacion_deposito, tsv_busqueda, created_at) VALUES ('923028da-58a9-4531-bc09-042b4cacb6b2', 'FRE-SKF-1018', '7796471823714', 'Cilindro de freno', '1ded4b29-9463-46e9-8d97-f8c9de01c482', '07f67641-e643-49a6-8ffc-ab32965fc1ce', NULL, 10800, 14580, 13446, 73, 73, 'C7', '''1018'':4A ''cilindr'':5B ''fre'':2A ''fre-skf'':1A ''fren'':7B,9C ''skf'':3A,8C', '2026-05-20T04:44:42.382393+00:00') ON CONFLICT DO NOTHING;
INSERT INTO public.articulo (id, codigo_fabricante, codigo_barras, descripcion, marca_id, familia_id, grupo_equivalencia_id, precio_costo, precio_minorista, precio_mayorista, stock_actual, stock_minimo, ubicacion_deposito, tsv_busqueda, created_at) VALUES ('3c2b3a88-3b3f-4292-a887-28074f5494f7', 'FRE-TRW-1019', '7790890856858', 'Cilindro de freno', 'f62eaeb7-d794-4860-8c87-878ee3c5f54b', '07f67641-e643-49a6-8ffc-ab32965fc1ce', NULL, 8200, 11070, 10209, 15, 15, 'C6', '''1019'':4A ''cilindr'':5B ''fre'':2A ''fre-trw'':1A ''fren'':7B,9C ''trw'':3A,8C', '2026-05-20T04:44:42.382393+00:00') ON CONFLICT DO NOTHING;
INSERT INTO public.articulo (id, codigo_fabricante, codigo_barras, descripcion, marca_id, familia_id, grupo_equivalencia_id, precio_costo, precio_minorista, precio_mayorista, stock_actual, stock_minimo, ubicacion_deposito, tsv_busqueda, created_at) VALUES ('02e9f869-b09e-4608-9247-af9ca9573270', 'FRE-TRW-1020', '7795291080574', 'Pastillas de freno', 'f62eaeb7-d794-4860-8c87-878ee3c5f54b', '07f67641-e643-49a6-8ffc-ab32965fc1ce', NULL, 8400, 11340, 10458, 86, 86, 'G6', '''1020'':4A ''fre'':2A ''fre-trw'':1A ''fren'':7B,9C ''pastill'':5B ''trw'':3A,8C', '2026-05-20T04:44:42.382393+00:00') ON CONFLICT DO NOTHING;
INSERT INTO public.articulo (id, codigo_fabricante, codigo_barras, descripcion, marca_id, familia_id, grupo_equivalencia_id, precio_costo, precio_minorista, precio_mayorista, stock_actual, stock_minimo, ubicacion_deposito, tsv_busqueda, created_at) VALUES ('a699312a-5475-48ea-8168-49b87afb11eb', 'FRE-TRW-1021', '7794994338531', 'Pastillas de freno', 'f62eaeb7-d794-4860-8c87-878ee3c5f54b', '07f67641-e643-49a6-8ffc-ab32965fc1ce', NULL, 7400, 9990, 9213, 34, 34, 'B4', '''1021'':4A ''fre'':2A ''fre-trw'':1A ''fren'':7B,9C ''pastill'':5B ''trw'':3A,8C', '2026-05-20T04:44:42.382393+00:00') ON CONFLICT DO NOTHING;
INSERT INTO public.articulo (id, codigo_fabricante, codigo_barras, descripcion, marca_id, familia_id, grupo_equivalencia_id, precio_costo, precio_minorista, precio_mayorista, stock_actual, stock_minimo, ubicacion_deposito, tsv_busqueda, created_at) VALUES ('4054d481-309e-4b0f-9a6c-8b4a59046f83', 'FRE-TRW-1022', '7793329117896', 'Cilindro de freno', 'f62eaeb7-d794-4860-8c87-878ee3c5f54b', '07f67641-e643-49a6-8ffc-ab32965fc1ce', NULL, 8500, 11475, 10582.5, 142, 142, 'A1', '''1022'':4A ''cilindr'':5B ''fre'':2A ''fre-trw'':1A ''fren'':7B,9C ''trw'':3A,8C', '2026-05-20T04:44:42.382393+00:00') ON CONFLICT DO NOTHING;
INSERT INTO public.articulo (id, codigo_fabricante, codigo_barras, descripcion, marca_id, familia_id, grupo_equivalencia_id, precio_costo, precio_minorista, precio_mayorista, stock_actual, stock_minimo, ubicacion_deposito, tsv_busqueda, created_at) VALUES ('ad1e9711-73a2-40fb-a526-9e8e83fb54b4', 'FRE-TRW-1023', '7793210426519', 'Disco de freno', 'f62eaeb7-d794-4860-8c87-878ee3c5f54b', '07f67641-e643-49a6-8ffc-ab32965fc1ce', NULL, 11600, 15660, 14442, 10, 10, 'G4', '''1023'':4A ''disc'':5B ''fre'':2A ''fre-trw'':1A ''fren'':7B,9C ''trw'':3A,8C', '2026-05-20T04:44:42.382393+00:00') ON CONFLICT DO NOTHING;
INSERT INTO public.articulo (id, codigo_fabricante, codigo_barras, descripcion, marca_id, familia_id, grupo_equivalencia_id, precio_costo, precio_minorista, precio_mayorista, stock_actual, stock_minimo, ubicacion_deposito, tsv_busqueda, created_at) VALUES ('3aea5307-464a-4c53-94fc-2a90d0a71efa', 'FRE-TRW-1024', '7792661211804', 'Pastillas de freno', 'f62eaeb7-d794-4860-8c87-878ee3c5f54b', '07f67641-e643-49a6-8ffc-ab32965fc1ce', NULL, 7700, 10395, 9586.5, 14, 14, 'A8', '''1024'':4A ''fre'':2A ''fre-trw'':1A ''fren'':7B,9C ''pastill'':5B ''trw'':3A,8C', '2026-05-20T04:44:42.382393+00:00') ON CONFLICT DO NOTHING;
INSERT INTO public.articulo (id, codigo_fabricante, codigo_barras, descripcion, marca_id, familia_id, grupo_equivalencia_id, precio_costo, precio_minorista, precio_mayorista, stock_actual, stock_minimo, ubicacion_deposito, tsv_busqueda, created_at) VALUES ('6da4c3f4-70b8-491b-9f93-076a4cc5bdf2', 'FRE-ACD-1025', '7792177744070', 'Disco de freno', 'c4de08d6-9461-44ee-8ff2-d5a5d68d558e', '07f67641-e643-49a6-8ffc-ab32965fc1ce', NULL, 12500, 16875, 15562.5, 29, 29, 'E1', '''1025'':4A ''acd'':3A ''acdelc'':8C ''disc'':5B ''fre'':2A ''fre-acd'':1A ''fren'':7B,9C', '2026-05-20T04:44:42.382393+00:00') ON CONFLICT DO NOTHING;
INSERT INTO public.articulo (id, codigo_fabricante, codigo_barras, descripcion, marca_id, familia_id, grupo_equivalencia_id, precio_costo, precio_minorista, precio_mayorista, stock_actual, stock_minimo, ubicacion_deposito, tsv_busqueda, created_at) VALUES ('cc72597c-4381-4c8c-bb34-2aa86a65bc9e', 'FRE-ACD-1026', '7793334003177', 'Cilindro de freno', 'c4de08d6-9461-44ee-8ff2-d5a5d68d558e', '07f67641-e643-49a6-8ffc-ab32965fc1ce', NULL, 9600, 12960, 11952, 30, 30, 'C1', '''1026'':4A ''acd'':3A ''acdelc'':8C ''cilindr'':5B ''fre'':2A ''fre-acd'':1A ''fren'':7B,9C', '2026-05-20T04:44:42.382393+00:00') ON CONFLICT DO NOTHING;
INSERT INTO public.articulo (id, codigo_fabricante, codigo_barras, descripcion, marca_id, familia_id, grupo_equivalencia_id, precio_costo, precio_minorista, precio_mayorista, stock_actual, stock_minimo, ubicacion_deposito, tsv_busqueda, created_at) VALUES ('86435fc0-c228-4b51-80f2-67749a2b5410', 'FRE-ACD-1027', '7798936018628', 'Cilindro de freno', 'c4de08d6-9461-44ee-8ff2-d5a5d68d558e', '07f67641-e643-49a6-8ffc-ab32965fc1ce', NULL, 9100, 12285, 11329.5, 63, 63, 'H5', '''1027'':4A ''acd'':3A ''acdelc'':8C ''cilindr'':5B ''fre'':2A ''fre-acd'':1A ''fren'':7B,9C', '2026-05-20T04:44:42.382393+00:00') ON CONFLICT DO NOTHING;
INSERT INTO public.articulo (id, codigo_fabricante, codigo_barras, descripcion, marca_id, familia_id, grupo_equivalencia_id, precio_costo, precio_minorista, precio_mayorista, stock_actual, stock_minimo, ubicacion_deposito, tsv_busqueda, created_at) VALUES ('7217ba5f-30d4-4f33-a0a4-6a5a0840eeb0', 'FRE-ACD-1028', '7796623938747', 'Pastillas de freno', 'c4de08d6-9461-44ee-8ff2-d5a5d68d558e', '07f67641-e643-49a6-8ffc-ab32965fc1ce', NULL, 9600, 12960, 11952, 9, 9, 'C4', '''1028'':4A ''acd'':3A ''acdelc'':8C ''fre'':2A ''fre-acd'':1A ''fren'':7B,9C ''pastill'':5B', '2026-05-20T04:44:42.382393+00:00') ON CONFLICT DO NOTHING;
INSERT INTO public.articulo (id, codigo_fabricante, codigo_barras, descripcion, marca_id, familia_id, grupo_equivalencia_id, precio_costo, precio_minorista, precio_mayorista, stock_actual, stock_minimo, ubicacion_deposito, tsv_busqueda, created_at) VALUES ('dea828df-1688-4e8b-8d85-6a6963de0b3d', 'FRE-ACD-1029', '7791613125749', 'Pastillas de freno', 'c4de08d6-9461-44ee-8ff2-d5a5d68d558e', '07f67641-e643-49a6-8ffc-ab32965fc1ce', NULL, 8800, 11880, 10956, 91, 91, 'B8', '''1029'':4A ''acd'':3A ''acdelc'':8C ''fre'':2A ''fre-acd'':1A ''fren'':7B,9C ''pastill'':5B', '2026-05-20T04:44:42.382393+00:00') ON CONFLICT DO NOTHING;
INSERT INTO public.articulo (id, codigo_fabricante, codigo_barras, descripcion, marca_id, familia_id, grupo_equivalencia_id, precio_costo, precio_minorista, precio_mayorista, stock_actual, stock_minimo, ubicacion_deposito, tsv_busqueda, created_at) VALUES ('992d9188-1898-4c29-8b0b-70b93a7a1c44', 'FRE-ACD-1030', '7795929741112', 'Cilindro de freno', 'c4de08d6-9461-44ee-8ff2-d5a5d68d558e', '07f67641-e643-49a6-8ffc-ab32965fc1ce', NULL, 8300, 11205, 10333.5, 112, 112, 'E6', '''1030'':4A ''acd'':3A ''acdelc'':8C ''cilindr'':5B ''fre'':2A ''fre-acd'':1A ''fren'':7B,9C', '2026-05-20T04:44:42.382393+00:00') ON CONFLICT DO NOTHING;
INSERT INTO public.articulo (id, codigo_fabricante, codigo_barras, descripcion, marca_id, familia_id, grupo_equivalencia_id, precio_costo, precio_minorista, precio_mayorista, stock_actual, stock_minimo, ubicacion_deposito, tsv_busqueda, created_at) VALUES ('bc9f5bd2-9dc1-4849-9dbc-13623f833f00', 'FRE-BOS-1002', '7794166130888', 'Disco de freno', 'd5cf178b-58e4-4de5-bc62-57dd543d7d20', '07f67641-e643-49a6-8ffc-ab32965fc1ce', NULL, 11000, 14850, 13695, 63, 20, 'B4', '''1002'':4A ''bos'':3A ''bosch'':8C ''disc'':5B ''fre'':2A ''fre-b'':1A ''fren'':7B,9C', '2026-05-20T04:44:42.382393+00:00') ON CONFLICT DO NOTHING;
INSERT INTO public.articulo (id, codigo_fabricante, codigo_barras, descripcion, marca_id, familia_id, grupo_equivalencia_id, precio_costo, precio_minorista, precio_mayorista, stock_actual, stock_minimo, ubicacion_deposito, tsv_busqueda, created_at) VALUES ('5cc4c337-f0b6-4eba-b41f-1b19cba49fba', 'FRE-BOS-1003', '7795640662604', 'Pastillas de freno', 'd5cf178b-58e4-4de5-bc62-57dd543d7d20', '07f67641-e643-49a6-8ffc-ab32965fc1ce', NULL, 7900, 10665, 9835.5, 64, 20, 'B4', '''1003'':4A ''bos'':3A ''bosch'':8C ''fre'':2A ''fre-b'':1A ''fren'':7B,9C ''pastill'':5B', '2026-05-20T04:44:42.382393+00:00') ON CONFLICT DO NOTHING;
INSERT INTO public.articulo (id, codigo_fabricante, codigo_barras, descripcion, marca_id, familia_id, grupo_equivalencia_id, precio_costo, precio_minorista, precio_mayorista, stock_actual, stock_minimo, ubicacion_deposito, tsv_busqueda, created_at) VALUES ('ab7fb422-179b-4c32-888f-e001604d56ad', 'FRE-BOS-1004', '7793548562613', 'Cilindro de freno', 'd5cf178b-58e4-4de5-bc62-57dd543d7d20', '07f67641-e643-49a6-8ffc-ab32965fc1ce', NULL, 10700, 14445, 13321.5, 102, 33, 'D2', '''1004'':4A ''bos'':3A ''bosch'':8C ''cilindr'':5B ''fre'':2A ''fre-b'':1A ''fren'':7B,9C', '2026-05-20T04:44:42.382393+00:00') ON CONFLICT DO NOTHING;
INSERT INTO public.articulo (id, codigo_fabricante, codigo_barras, descripcion, marca_id, familia_id, grupo_equivalencia_id, precio_costo, precio_minorista, precio_mayorista, stock_actual, stock_minimo, ubicacion_deposito, tsv_busqueda, created_at) VALUES ('fd005d8e-6487-41f6-b24e-848a7888e06d', 'FRE-FRM-1031', '7794614528571', 'Cilindro de freno', '022677b1-149c-45af-b61e-b244279244ae', '07f67641-e643-49a6-8ffc-ab32965fc1ce', NULL, 8600, 11610, 10707, 106, 106, 'G5', '''1031'':4A ''cilindr'':5B ''fram'':8C ''fre'':2A ''fre-frm'':1A ''fren'':7B,9C ''frm'':3A', '2026-05-20T04:44:42.382393+00:00') ON CONFLICT DO NOTHING;
INSERT INTO public.articulo (id, codigo_fabricante, codigo_barras, descripcion, marca_id, familia_id, grupo_equivalencia_id, precio_costo, precio_minorista, precio_mayorista, stock_actual, stock_minimo, ubicacion_deposito, tsv_busqueda, created_at) VALUES ('0f207c82-eb2e-49fa-9f01-e0493faa6ad8', 'FRE-FRM-1032', '7792229192170', 'Disco de freno', '022677b1-149c-45af-b61e-b244279244ae', '07f67641-e643-49a6-8ffc-ab32965fc1ce', NULL, 10700, 14445, 13321.5, 118, 118, 'F1', '''1032'':4A ''disc'':5B ''fram'':8C ''fre'':2A ''fre-frm'':1A ''fren'':7B,9C ''frm'':3A', '2026-05-20T04:44:42.382393+00:00') ON CONFLICT DO NOTHING;
INSERT INTO public.articulo (id, codigo_fabricante, codigo_barras, descripcion, marca_id, familia_id, grupo_equivalencia_id, precio_costo, precio_minorista, precio_mayorista, stock_actual, stock_minimo, ubicacion_deposito, tsv_busqueda, created_at) VALUES ('c0829d99-206d-4d95-9268-ae6efc6d7c13', 'FRE-FRM-1033', '7792472303002', 'Disco de freno', '022677b1-149c-45af-b61e-b244279244ae', '07f67641-e643-49a6-8ffc-ab32965fc1ce', NULL, 13000, 17550, 16185, 84, 84, 'D6', '''1033'':4A ''disc'':5B ''fram'':8C ''fre'':2A ''fre-frm'':1A ''fren'':7B,9C ''frm'':3A', '2026-05-20T04:44:42.382393+00:00') ON CONFLICT DO NOTHING;
INSERT INTO public.articulo (id, codigo_fabricante, codigo_barras, descripcion, marca_id, familia_id, grupo_equivalencia_id, precio_costo, precio_minorista, precio_mayorista, stock_actual, stock_minimo, ubicacion_deposito, tsv_busqueda, created_at) VALUES ('fb65376c-b565-4fda-8f0e-8f20c5a252f8', 'FRE-FRM-1034', '7791064482156', 'Cilindro de freno', '022677b1-149c-45af-b61e-b244279244ae', '07f67641-e643-49a6-8ffc-ab32965fc1ce', NULL, 10500, 14175, 13072.5, 144, 144, 'F7', '''1034'':4A ''cilindr'':5B ''fram'':8C ''fre'':2A ''fre-frm'':1A ''fren'':7B,9C ''frm'':3A', '2026-05-20T04:44:42.382393+00:00') ON CONFLICT DO NOTHING;
INSERT INTO public.articulo (id, codigo_fabricante, codigo_barras, descripcion, marca_id, familia_id, grupo_equivalencia_id, precio_costo, precio_minorista, precio_mayorista, stock_actual, stock_minimo, ubicacion_deposito, tsv_busqueda, created_at) VALUES ('9bb14a50-5df5-424d-bb68-4f40fa90daf5', 'FRE-FRM-1035', '7792210745538', 'Cilindro de freno', '022677b1-149c-45af-b61e-b244279244ae', '07f67641-e643-49a6-8ffc-ab32965fc1ce', NULL, 8600, 11610, 10707, 16, 16, 'E5', '''1035'':4A ''cilindr'':5B ''fram'':8C ''fre'':2A ''fre-frm'':1A ''fren'':7B,9C ''frm'':3A', '2026-05-20T04:44:42.382393+00:00') ON CONFLICT DO NOTHING;
INSERT INTO public.articulo (id, codigo_fabricante, codigo_barras, descripcion, marca_id, familia_id, grupo_equivalencia_id, precio_costo, precio_minorista, precio_mayorista, stock_actual, stock_minimo, ubicacion_deposito, tsv_busqueda, created_at) VALUES ('fabfbd46-af73-434b-beb6-ad52f2121d23', 'FRE-FRM-1036', '7795141452308', 'Disco de freno', '022677b1-149c-45af-b61e-b244279244ae', '07f67641-e643-49a6-8ffc-ab32965fc1ce', NULL, 10200, 13770, 12699, 24, 24, 'A7', '''1036'':4A ''disc'':5B ''fram'':8C ''fre'':2A ''fre-frm'':1A ''fren'':7B,9C ''frm'':3A', '2026-05-20T04:44:42.382393+00:00') ON CONFLICT DO NOTHING;
INSERT INTO public.articulo (id, codigo_fabricante, codigo_barras, descripcion, marca_id, familia_id, grupo_equivalencia_id, precio_costo, precio_minorista, precio_mayorista, stock_actual, stock_minimo, ubicacion_deposito, tsv_busqueda, created_at) VALUES ('3a986da1-e91b-40c2-b5e9-95ec95334e70', 'FRE-NGK-1037', '7796134904248', 'Pastillas de freno', '3ad63cea-b3d5-41c1-8357-40935f8e6c77', '07f67641-e643-49a6-8ffc-ab32965fc1ce', NULL, 8100, 10935, 10084.5, 102, 102, 'G4', '''1037'':4A ''fre'':2A ''fre-ngk'':1A ''fren'':7B,9C ''ngk'':3A,8C ''pastill'':5B', '2026-05-20T04:44:42.382393+00:00') ON CONFLICT DO NOTHING;
INSERT INTO public.articulo (id, codigo_fabricante, codigo_barras, descripcion, marca_id, familia_id, grupo_equivalencia_id, precio_costo, precio_minorista, precio_mayorista, stock_actual, stock_minimo, ubicacion_deposito, tsv_busqueda, created_at) VALUES ('02f4c908-b867-4b5a-ab98-940ab0e7e6f6', 'FRE-NGK-1038', '7799117546435', 'Cilindro de freno', '3ad63cea-b3d5-41c1-8357-40935f8e6c77', '07f67641-e643-49a6-8ffc-ab32965fc1ce', NULL, 9000, 12150, 11205, 1, 1, 'G4', '''1038'':4A ''cilindr'':5B ''fre'':2A ''fre-ngk'':1A ''fren'':7B,9C ''ngk'':3A,8C', '2026-05-20T04:44:42.382393+00:00') ON CONFLICT DO NOTHING;
INSERT INTO public.articulo (id, codigo_fabricante, codigo_barras, descripcion, marca_id, familia_id, grupo_equivalencia_id, precio_costo, precio_minorista, precio_mayorista, stock_actual, stock_minimo, ubicacion_deposito, tsv_busqueda, created_at) VALUES ('0415f51d-b6ca-4c9c-b0c6-06693d2bb551', 'FRE-NGK-1039', '7796223087784', 'Disco de freno', '3ad63cea-b3d5-41c1-8357-40935f8e6c77', '07f67641-e643-49a6-8ffc-ab32965fc1ce', NULL, 11600, 15660, 14442, 81, 81, 'F8', '''1039'':4A ''disc'':5B ''fre'':2A ''fre-ngk'':1A ''fren'':7B,9C ''ngk'':3A,8C', '2026-05-20T04:44:42.382393+00:00') ON CONFLICT DO NOTHING;
INSERT INTO public.articulo (id, codigo_fabricante, codigo_barras, descripcion, marca_id, familia_id, grupo_equivalencia_id, precio_costo, precio_minorista, precio_mayorista, stock_actual, stock_minimo, ubicacion_deposito, tsv_busqueda, created_at) VALUES ('9505b2a2-1a5d-4c03-abf5-71472d5a2db9', 'FRE-NGK-1040', '7799690462849', 'Disco de freno', '3ad63cea-b3d5-41c1-8357-40935f8e6c77', '07f67641-e643-49a6-8ffc-ab32965fc1ce', NULL, 12100, 16335, 15064.5, 8, 8, 'A5', '''1040'':4A ''disc'':5B ''fre'':2A ''fre-ngk'':1A ''fren'':7B,9C ''ngk'':3A,8C', '2026-05-20T04:44:42.382393+00:00') ON CONFLICT DO NOTHING;
INSERT INTO public.articulo (id, codigo_fabricante, codigo_barras, descripcion, marca_id, familia_id, grupo_equivalencia_id, precio_costo, precio_minorista, precio_mayorista, stock_actual, stock_minimo, ubicacion_deposito, tsv_busqueda, created_at) VALUES ('189fcbdf-c065-4acf-b493-6064a312cd1e', 'FRE-NGK-1041', '7793095895370', 'Disco de freno', '3ad63cea-b3d5-41c1-8357-40935f8e6c77', '07f67641-e643-49a6-8ffc-ab32965fc1ce', NULL, 13500, 18225, 16807.5, 88, 88, 'G4', '''1041'':4A ''disc'':5B ''fre'':2A ''fre-ngk'':1A ''fren'':7B,9C ''ngk'':3A,8C', '2026-05-20T04:44:42.382393+00:00') ON CONFLICT DO NOTHING;
INSERT INTO public.articulo (id, codigo_fabricante, codigo_barras, descripcion, marca_id, familia_id, grupo_equivalencia_id, precio_costo, precio_minorista, precio_mayorista, stock_actual, stock_minimo, ubicacion_deposito, tsv_busqueda, created_at) VALUES ('e631430e-b89c-4fa0-a342-2cf267c92742', 'FRE-NGK-1042', '7796082634884', 'Disco de freno', '3ad63cea-b3d5-41c1-8357-40935f8e6c77', '07f67641-e643-49a6-8ffc-ab32965fc1ce', NULL, 13000, 17550, 16185, 9, 9, 'E8', '''1042'':4A ''disc'':5B ''fre'':2A ''fre-ngk'':1A ''fren'':7B,9C ''ngk'':3A,8C', '2026-05-20T04:44:42.382393+00:00') ON CONFLICT DO NOTHING;
INSERT INTO public.articulo (id, codigo_fabricante, codigo_barras, descripcion, marca_id, familia_id, grupo_equivalencia_id, precio_costo, precio_minorista, precio_mayorista, stock_actual, stock_minimo, ubicacion_deposito, tsv_busqueda, created_at) VALUES ('62f184cb-5375-422c-a217-c0ff77be9fcd', 'SUS-BOS-1045', '7797970710109', 'Brazo suspensión', 'd5cf178b-58e4-4de5-bc62-57dd543d7d20', 'fcd17de8-8678-4114-8b03-1d7f128b6395', NULL, 11900, 16065, 14815.5, 43, 43, 'G2', '''1045'':4A ''bos'':3A ''bosch'':7C ''braz'':5B ''sus-b'':1A ''suspension'':6B,8C', '2026-05-20T04:44:42.382393+00:00') ON CONFLICT DO NOTHING;
INSERT INTO public.articulo (id, codigo_fabricante, codigo_barras, descripcion, marca_id, familia_id, grupo_equivalencia_id, precio_costo, precio_minorista, precio_mayorista, stock_actual, stock_minimo, ubicacion_deposito, tsv_busqueda, created_at) VALUES ('698756dd-8397-4c74-b2f2-986c85753bff', 'SUS-BOS-1048', '7796606974304', 'Bieleta suspensión', 'd5cf178b-58e4-4de5-bc62-57dd543d7d20', 'fcd17de8-8678-4114-8b03-1d7f128b6395', NULL, 4500, 6075, 5602.5, 22, 22, 'H6', '''1048'':4A ''bielet'':5B ''bos'':3A ''bosch'':7C ''sus-b'':1A ''suspension'':6B,8C', '2026-05-20T04:44:42.382393+00:00') ON CONFLICT DO NOTHING;
INSERT INTO public.articulo (id, codigo_fabricante, codigo_barras, descripcion, marca_id, familia_id, grupo_equivalencia_id, precio_costo, precio_minorista, precio_mayorista, stock_actual, stock_minimo, ubicacion_deposito, tsv_busqueda, created_at) VALUES ('36edba61-6fbf-4a93-bbe3-ac22d717f5ce', 'SUS-VAL-1049', '7792624042872', 'Bieleta suspensión', '1e95493e-8262-4c25-8fea-1ec26fc0d623', 'fcd17de8-8678-4114-8b03-1d7f128b6395', NULL, 4500, 6075, 5602.5, 79, 79, 'G8', '''1049'':4A ''bielet'':5B ''sus-val'':1A ''suspension'':6B,8C ''val'':3A ''vale'':7C', '2026-05-20T04:44:42.382393+00:00') ON CONFLICT DO NOTHING;
INSERT INTO public.articulo (id, codigo_fabricante, codigo_barras, descripcion, marca_id, familia_id, grupo_equivalencia_id, precio_costo, precio_minorista, precio_mayorista, stock_actual, stock_minimo, ubicacion_deposito, tsv_busqueda, created_at) VALUES ('fd613446-f3cf-4d22-956c-8afcf3f08b8c', 'SUS-VAL-1050', '7794778294664', 'Amortiguador delantero', '1e95493e-8262-4c25-8fea-1ec26fc0d623', 'fcd17de8-8678-4114-8b03-1d7f128b6395', NULL, 20100, 27135, 25024.5, 102, 102, 'C5', '''1050'':4A ''amortigu'':5B ''delanter'':6B ''sus-val'':1A ''suspension'':8C ''val'':3A ''vale'':7C', '2026-05-20T04:44:42.382393+00:00') ON CONFLICT DO NOTHING;
INSERT INTO public.articulo (id, codigo_fabricante, codigo_barras, descripcion, marca_id, familia_id, grupo_equivalencia_id, precio_costo, precio_minorista, precio_mayorista, stock_actual, stock_minimo, ubicacion_deposito, tsv_busqueda, created_at) VALUES ('fa76b4d0-a3ef-499b-8dfa-4c6579e0fcec', 'SUS-VAL-1051', '7797340374832', 'Brazo suspensión', '1e95493e-8262-4c25-8fea-1ec26fc0d623', 'fcd17de8-8678-4114-8b03-1d7f128b6395', NULL, 10300, 13905, 12823.5, 89, 89, 'H1', '''1051'':4A ''braz'':5B ''sus-val'':1A ''suspension'':6B,8C ''val'':3A ''vale'':7C', '2026-05-20T04:44:42.382393+00:00') ON CONFLICT DO NOTHING;
INSERT INTO public.articulo (id, codigo_fabricante, codigo_barras, descripcion, marca_id, familia_id, grupo_equivalencia_id, precio_costo, precio_minorista, precio_mayorista, stock_actual, stock_minimo, ubicacion_deposito, tsv_busqueda, created_at) VALUES ('bb98a4d4-c70c-4222-ba82-711913c31cfe', 'SUS-VAL-1052', '7792738138799', 'Bieleta suspensión', '1e95493e-8262-4c25-8fea-1ec26fc0d623', 'fcd17de8-8678-4114-8b03-1d7f128b6395', NULL, 4100, 5535, 5104.5, 108, 108, 'D2', '''1052'':4A ''bielet'':5B ''sus-val'':1A ''suspension'':6B,8C ''val'':3A ''vale'':7C', '2026-05-20T04:44:42.382393+00:00') ON CONFLICT DO NOTHING;
INSERT INTO public.articulo (id, codigo_fabricante, codigo_barras, descripcion, marca_id, familia_id, grupo_equivalencia_id, precio_costo, precio_minorista, precio_mayorista, stock_actual, stock_minimo, ubicacion_deposito, tsv_busqueda, created_at) VALUES ('ad5676a6-7ad3-4574-8a06-83140486f467', 'SUS-VAL-1053', '7790547485882', 'Brazo suspensión', '1e95493e-8262-4c25-8fea-1ec26fc0d623', 'fcd17de8-8678-4114-8b03-1d7f128b6395', NULL, 10500, 14175, 13072.5, 147, 147, 'E6', '''1053'':4A ''braz'':5B ''sus-val'':1A ''suspension'':6B,8C ''val'':3A ''vale'':7C', '2026-05-20T04:44:42.382393+00:00') ON CONFLICT DO NOTHING;
INSERT INTO public.articulo (id, codigo_fabricante, codigo_barras, descripcion, marca_id, familia_id, grupo_equivalencia_id, precio_costo, precio_minorista, precio_mayorista, stock_actual, stock_minimo, ubicacion_deposito, tsv_busqueda, created_at) VALUES ('b25745eb-81e1-47b2-bd01-1bce04d211a3', 'SUS-VAL-1054', '7790958767324', 'Bieleta suspensión', '1e95493e-8262-4c25-8fea-1ec26fc0d623', 'fcd17de8-8678-4114-8b03-1d7f128b6395', NULL, 5100, 6885, 6349.5, 143, 143, 'C6', '''1054'':4A ''bielet'':5B ''sus-val'':1A ''suspension'':6B,8C ''val'':3A ''vale'':7C', '2026-05-20T04:44:42.382393+00:00') ON CONFLICT DO NOTHING;
INSERT INTO public.articulo (id, codigo_fabricante, codigo_barras, descripcion, marca_id, familia_id, grupo_equivalencia_id, precio_costo, precio_minorista, precio_mayorista, stock_actual, stock_minimo, ubicacion_deposito, tsv_busqueda, created_at) VALUES ('1e972b65-de88-498a-9280-afb761b11803', 'SUS-SKF-1055', '7798543734911', 'Bieleta suspensión', '1ded4b29-9463-46e9-8d97-f8c9de01c482', 'fcd17de8-8678-4114-8b03-1d7f128b6395', NULL, 4900, 6615, 6100.5, 141, 141, 'G6', '''1055'':4A ''bielet'':5B ''skf'':3A,7C ''sus-skf'':1A ''suspension'':6B,8C', '2026-05-20T04:44:42.382393+00:00') ON CONFLICT DO NOTHING;
INSERT INTO public.articulo (id, codigo_fabricante, codigo_barras, descripcion, marca_id, familia_id, grupo_equivalencia_id, precio_costo, precio_minorista, precio_mayorista, stock_actual, stock_minimo, ubicacion_deposito, tsv_busqueda, created_at) VALUES ('8c1ed85b-fa2a-4c28-b89c-13882ac3aa58', 'SUS-SKF-1056', '7796883897730', 'Brazo suspensión', '1ded4b29-9463-46e9-8d97-f8c9de01c482', 'fcd17de8-8678-4114-8b03-1d7f128b6395', NULL, 11800, 15930, 14691, 7, 7, 'G5', '''1056'':4A ''braz'':5B ''skf'':3A,7C ''sus-skf'':1A ''suspension'':6B,8C', '2026-05-20T04:44:42.382393+00:00') ON CONFLICT DO NOTHING;
INSERT INTO public.articulo (id, codigo_fabricante, codigo_barras, descripcion, marca_id, familia_id, grupo_equivalencia_id, precio_costo, precio_minorista, precio_mayorista, stock_actual, stock_minimo, ubicacion_deposito, tsv_busqueda, created_at) VALUES ('0f638723-40f5-4f7d-b3a8-48c624973530', 'SUS-SKF-1057', '7793138088318', 'Brazo suspensión', '1ded4b29-9463-46e9-8d97-f8c9de01c482', 'fcd17de8-8678-4114-8b03-1d7f128b6395', NULL, 12200, 16470, 15189, 41, 41, 'G4', '''1057'':4A ''braz'':5B ''skf'':3A,7C ''sus-skf'':1A ''suspension'':6B,8C', '2026-05-20T04:44:42.382393+00:00') ON CONFLICT DO NOTHING;
INSERT INTO public.articulo (id, codigo_fabricante, codigo_barras, descripcion, marca_id, familia_id, grupo_equivalencia_id, precio_costo, precio_minorista, precio_mayorista, stock_actual, stock_minimo, ubicacion_deposito, tsv_busqueda, created_at) VALUES ('f2263b0a-24e5-4afe-8b67-bef7a11d4494', 'SUS-SKF-1058', '7797403876709', 'Amortiguador delantero', '1ded4b29-9463-46e9-8d97-f8c9de01c482', 'fcd17de8-8678-4114-8b03-1d7f128b6395', NULL, 15300, 20655, 19048.5, 45, 45, 'D2', '''1058'':4A ''amortigu'':5B ''delanter'':6B ''skf'':3A,7C ''sus-skf'':1A ''suspension'':8C', '2026-05-20T04:44:42.382393+00:00') ON CONFLICT DO NOTHING;
INSERT INTO public.articulo (id, codigo_fabricante, codigo_barras, descripcion, marca_id, familia_id, grupo_equivalencia_id, precio_costo, precio_minorista, precio_mayorista, stock_actual, stock_minimo, ubicacion_deposito, tsv_busqueda, created_at) VALUES ('bba9007f-455a-4b32-a08f-6e5b03665152', 'SUS-SKF-1059', '7790816629467', 'Brazo suspensión', '1ded4b29-9463-46e9-8d97-f8c9de01c482', 'fcd17de8-8678-4114-8b03-1d7f128b6395', NULL, 9400, 12690, 11703, 58, 58, 'C6', '''1059'':4A ''braz'':5B ''skf'':3A,7C ''sus-skf'':1A ''suspension'':6B,8C', '2026-05-20T04:44:42.382393+00:00') ON CONFLICT DO NOTHING;
INSERT INTO public.articulo (id, codigo_fabricante, codigo_barras, descripcion, marca_id, familia_id, grupo_equivalencia_id, precio_costo, precio_minorista, precio_mayorista, stock_actual, stock_minimo, ubicacion_deposito, tsv_busqueda, created_at) VALUES ('37b6d504-2ad6-4cae-8d05-4b896bcfa728', 'SUS-SKF-1060', '7795333086625', 'Amortiguador delantero', '1ded4b29-9463-46e9-8d97-f8c9de01c482', 'fcd17de8-8678-4114-8b03-1d7f128b6395', NULL, 18100, 24435, 22534.5, 14, 14, 'D3', '''1060'':4A ''amortigu'':5B ''delanter'':6B ''skf'':3A,7C ''sus-skf'':1A ''suspension'':8C', '2026-05-20T04:44:42.382393+00:00') ON CONFLICT DO NOTHING;
INSERT INTO public.articulo (id, codigo_fabricante, codigo_barras, descripcion, marca_id, familia_id, grupo_equivalencia_id, precio_costo, precio_minorista, precio_mayorista, stock_actual, stock_minimo, ubicacion_deposito, tsv_busqueda, created_at) VALUES ('f2404496-1539-45a7-9ffb-171c20d3d82c', 'SUS-BOS-1043', '7792150011533', 'Amortiguador delantero', 'd5cf178b-58e4-4de5-bc62-57dd543d7d20', 'fcd17de8-8678-4114-8b03-1d7f128b6395', NULL, 19900, 26865, 24775.5, 84, 85, 'E8', '''1043'':4A ''amortigu'':5B ''bos'':3A ''bosch'':7C ''delanter'':6B ''sus-b'':1A ''suspension'':8C', '2026-05-20T04:44:42.382393+00:00') ON CONFLICT DO NOTHING;
INSERT INTO public.articulo (id, codigo_fabricante, codigo_barras, descripcion, marca_id, familia_id, grupo_equivalencia_id, precio_costo, precio_minorista, precio_mayorista, stock_actual, stock_minimo, ubicacion_deposito, tsv_busqueda, created_at) VALUES ('a1956eee-3c47-475f-b568-635c38d503ca', 'SUS-BOS-1044', '7790714076400', 'Amortiguador delantero', 'd5cf178b-58e4-4de5-bc62-57dd543d7d20', 'fcd17de8-8678-4114-8b03-1d7f128b6395', NULL, 15900, 21465, 19795.5, 52, 58, 'D4', '''1044'':4A ''amortigu'':5B ''bos'':3A ''bosch'':7C ''delanter'':6B ''sus-b'':1A ''suspension'':8C', '2026-05-20T04:44:42.382393+00:00') ON CONFLICT DO NOTHING;
INSERT INTO public.articulo (id, codigo_fabricante, codigo_barras, descripcion, marca_id, familia_id, grupo_equivalencia_id, precio_costo, precio_minorista, precio_mayorista, stock_actual, stock_minimo, ubicacion_deposito, tsv_busqueda, created_at) VALUES ('a0b654a1-23ad-4109-b4b8-9a32726529e1', 'SUS-BOS-1046', '7795461569182', 'Amortiguador delantero', 'd5cf178b-58e4-4de5-bc62-57dd543d7d20', 'fcd17de8-8678-4114-8b03-1d7f128b6395', NULL, 16900, 22815, 21040.5, 85, 87, 'H1', '''1046'':4A ''amortigu'':5B ''bos'':3A ''bosch'':7C ''delanter'':6B ''sus-b'':1A ''suspension'':8C', '2026-05-20T04:44:42.382393+00:00') ON CONFLICT DO NOTHING;
INSERT INTO public.articulo (id, codigo_fabricante, codigo_barras, descripcion, marca_id, familia_id, grupo_equivalencia_id, precio_costo, precio_minorista, precio_mayorista, stock_actual, stock_minimo, ubicacion_deposito, tsv_busqueda, created_at) VALUES ('8566ddd8-f246-496b-8dcc-17e1f2ab1513', 'SUS-TRW-1061', '7796128562133', 'Bieleta suspensión', 'f62eaeb7-d794-4860-8c87-878ee3c5f54b', 'fcd17de8-8678-4114-8b03-1d7f128b6395', NULL, 4200, 5670, 5229, 77, 77, 'H4', '''1061'':4A ''bielet'':5B ''sus-trw'':1A ''suspension'':6B,8C ''trw'':3A,7C', '2026-05-20T04:44:42.382393+00:00') ON CONFLICT DO NOTHING;
INSERT INTO public.articulo (id, codigo_fabricante, codigo_barras, descripcion, marca_id, familia_id, grupo_equivalencia_id, precio_costo, precio_minorista, precio_mayorista, stock_actual, stock_minimo, ubicacion_deposito, tsv_busqueda, created_at) VALUES ('339e8b6d-c6e8-4cbf-a9d2-7f09fdc779a3', 'SUS-TRW-1062', '7796612673062', 'Brazo suspensión', 'f62eaeb7-d794-4860-8c87-878ee3c5f54b', 'fcd17de8-8678-4114-8b03-1d7f128b6395', NULL, 11200, 15120, 13944, 62, 62, 'E5', '''1062'':4A ''braz'':5B ''sus-trw'':1A ''suspension'':6B,8C ''trw'':3A,7C', '2026-05-20T04:44:42.382393+00:00') ON CONFLICT DO NOTHING;
INSERT INTO public.articulo (id, codigo_fabricante, codigo_barras, descripcion, marca_id, familia_id, grupo_equivalencia_id, precio_costo, precio_minorista, precio_mayorista, stock_actual, stock_minimo, ubicacion_deposito, tsv_busqueda, created_at) VALUES ('288cfe99-a000-4c9b-b026-57ac7d64badc', 'SUS-TRW-1063', '7799464539708', 'Amortiguador delantero', 'f62eaeb7-d794-4860-8c87-878ee3c5f54b', 'fcd17de8-8678-4114-8b03-1d7f128b6395', NULL, 16400, 22140, 20418, 42, 42, 'B6', '''1063'':4A ''amortigu'':5B ''delanter'':6B ''sus-trw'':1A ''suspension'':8C ''trw'':3A,7C', '2026-05-20T04:44:42.382393+00:00') ON CONFLICT DO NOTHING;
INSERT INTO public.articulo (id, codigo_fabricante, codigo_barras, descripcion, marca_id, familia_id, grupo_equivalencia_id, precio_costo, precio_minorista, precio_mayorista, stock_actual, stock_minimo, ubicacion_deposito, tsv_busqueda, created_at) VALUES ('3aaaa78a-1fb6-4c72-9529-a911aee0301c', 'SUS-TRW-1064', '7799228205276', 'Bieleta suspensión', 'f62eaeb7-d794-4860-8c87-878ee3c5f54b', 'fcd17de8-8678-4114-8b03-1d7f128b6395', NULL, 4900, 6615, 6100.5, 17, 17, 'A5', '''1064'':4A ''bielet'':5B ''sus-trw'':1A ''suspension'':6B,8C ''trw'':3A,7C', '2026-05-20T04:44:42.382393+00:00') ON CONFLICT DO NOTHING;
INSERT INTO public.articulo (id, codigo_fabricante, codigo_barras, descripcion, marca_id, familia_id, grupo_equivalencia_id, precio_costo, precio_minorista, precio_mayorista, stock_actual, stock_minimo, ubicacion_deposito, tsv_busqueda, created_at) VALUES ('cdcb7a4a-df17-43a3-b3b5-bd6a766beb06', 'SUS-TRW-1065', '7795783566203', 'Brazo suspensión', 'f62eaeb7-d794-4860-8c87-878ee3c5f54b', 'fcd17de8-8678-4114-8b03-1d7f128b6395', NULL, 12500, 16875, 15562.5, 136, 136, 'E7', '''1065'':4A ''braz'':5B ''sus-trw'':1A ''suspension'':6B,8C ''trw'':3A,7C', '2026-05-20T04:44:42.382393+00:00') ON CONFLICT DO NOTHING;
INSERT INTO public.articulo (id, codigo_fabricante, codigo_barras, descripcion, marca_id, familia_id, grupo_equivalencia_id, precio_costo, precio_minorista, precio_mayorista, stock_actual, stock_minimo, ubicacion_deposito, tsv_busqueda, created_at) VALUES ('c966730b-6664-4047-9b72-6446f79ac073', 'SUS-TRW-1066', '7791840952071', 'Amortiguador delantero', 'f62eaeb7-d794-4860-8c87-878ee3c5f54b', 'fcd17de8-8678-4114-8b03-1d7f128b6395', NULL, 17300, 23355, 21538.5, 129, 129, 'E6', '''1066'':4A ''amortigu'':5B ''delanter'':6B ''sus-trw'':1A ''suspension'':8C ''trw'':3A,7C', '2026-05-20T04:44:42.382393+00:00') ON CONFLICT DO NOTHING;
INSERT INTO public.articulo (id, codigo_fabricante, codigo_barras, descripcion, marca_id, familia_id, grupo_equivalencia_id, precio_costo, precio_minorista, precio_mayorista, stock_actual, stock_minimo, ubicacion_deposito, tsv_busqueda, created_at) VALUES ('c7d85e6e-80da-4643-b384-92bd3fac6168', 'SUS-ACD-1067', '7798407264271', 'Brazo suspensión', 'c4de08d6-9461-44ee-8ff2-d5a5d68d558e', 'fcd17de8-8678-4114-8b03-1d7f128b6395', NULL, 10000, 13500, 12450, 122, 122, 'G3', '''1067'':4A ''acd'':3A ''acdelc'':7C ''braz'':5B ''sus-acd'':1A ''suspension'':6B,8C', '2026-05-20T04:44:42.382393+00:00') ON CONFLICT DO NOTHING;
INSERT INTO public.articulo (id, codigo_fabricante, codigo_barras, descripcion, marca_id, familia_id, grupo_equivalencia_id, precio_costo, precio_minorista, precio_mayorista, stock_actual, stock_minimo, ubicacion_deposito, tsv_busqueda, created_at) VALUES ('f05aa295-751e-43d1-9d8a-51feac4d0045', 'SUS-ACD-1069', '7797094154438', 'Brazo suspensión', 'c4de08d6-9461-44ee-8ff2-d5a5d68d558e', 'fcd17de8-8678-4114-8b03-1d7f128b6395', NULL, 10900, 14715, 13570.5, 120, 120, 'C1', '''1069'':4A ''acd'':3A ''acdelc'':7C ''braz'':5B ''sus-acd'':1A ''suspension'':6B,8C', '2026-05-20T04:44:42.382393+00:00') ON CONFLICT DO NOTHING;
INSERT INTO public.articulo (id, codigo_fabricante, codigo_barras, descripcion, marca_id, familia_id, grupo_equivalencia_id, precio_costo, precio_minorista, precio_mayorista, stock_actual, stock_minimo, ubicacion_deposito, tsv_busqueda, created_at) VALUES ('78268a25-90cd-4804-9c4e-654882880729', 'SUS-ACD-1070', '7799438515141', 'Bieleta suspensión', 'c4de08d6-9461-44ee-8ff2-d5a5d68d558e', 'fcd17de8-8678-4114-8b03-1d7f128b6395', NULL, 5000, 6750, 6225, 121, 121, 'G6', '''1070'':4A ''acd'':3A ''acdelc'':7C ''bielet'':5B ''sus-acd'':1A ''suspension'':6B,8C', '2026-05-20T04:44:42.382393+00:00') ON CONFLICT DO NOTHING;
INSERT INTO public.articulo (id, codigo_fabricante, codigo_barras, descripcion, marca_id, familia_id, grupo_equivalencia_id, precio_costo, precio_minorista, precio_mayorista, stock_actual, stock_minimo, ubicacion_deposito, tsv_busqueda, created_at) VALUES ('f808caa8-1f97-4c8b-a050-b970e4d02e94', 'SUS-ACD-1071', '7799577962257', 'Bieleta suspensión', 'c4de08d6-9461-44ee-8ff2-d5a5d68d558e', 'fcd17de8-8678-4114-8b03-1d7f128b6395', NULL, 4600, 6210, 5727, 58, 58, 'F7', '''1071'':4A ''acd'':3A ''acdelc'':7C ''bielet'':5B ''sus-acd'':1A ''suspension'':6B,8C', '2026-05-20T04:44:42.382393+00:00') ON CONFLICT DO NOTHING;
INSERT INTO public.articulo (id, codigo_fabricante, codigo_barras, descripcion, marca_id, familia_id, grupo_equivalencia_id, precio_costo, precio_minorista, precio_mayorista, stock_actual, stock_minimo, ubicacion_deposito, tsv_busqueda, created_at) VALUES ('db8273ba-3225-4fe6-b90c-f5e66b94c86f', 'SUS-FRM-1073', '7790138317301', 'Brazo suspensión', '022677b1-149c-45af-b61e-b244279244ae', 'fcd17de8-8678-4114-8b03-1d7f128b6395', NULL, 11200, 15120, 13944, 102, 102, 'C8', '''1073'':4A ''braz'':5B ''fram'':7C ''frm'':3A ''sus-frm'':1A ''suspension'':6B,8C', '2026-05-20T04:44:42.382393+00:00') ON CONFLICT DO NOTHING;
INSERT INTO public.articulo (id, codigo_fabricante, codigo_barras, descripcion, marca_id, familia_id, grupo_equivalencia_id, precio_costo, precio_minorista, precio_mayorista, stock_actual, stock_minimo, ubicacion_deposito, tsv_busqueda, created_at) VALUES ('12419297-e266-4af8-8c58-0ed8cc844c77', 'SUS-FRM-1074', '7794235084159', 'Bieleta suspensión', '022677b1-149c-45af-b61e-b244279244ae', 'fcd17de8-8678-4114-8b03-1d7f128b6395', NULL, 4900, 6615, 6100.5, 99, 99, 'H5', '''1074'':4A ''bielet'':5B ''fram'':7C ''frm'':3A ''sus-frm'':1A ''suspension'':6B,8C', '2026-05-20T04:44:42.382393+00:00') ON CONFLICT DO NOTHING;
INSERT INTO public.articulo (id, codigo_fabricante, codigo_barras, descripcion, marca_id, familia_id, grupo_equivalencia_id, precio_costo, precio_minorista, precio_mayorista, stock_actual, stock_minimo, ubicacion_deposito, tsv_busqueda, created_at) VALUES ('edb14e74-d36b-40a5-8e00-d58fc7ddcbee', 'SUS-FRM-1075', '7792702402680', 'Amortiguador delantero', '022677b1-149c-45af-b61e-b244279244ae', 'fcd17de8-8678-4114-8b03-1d7f128b6395', NULL, 18900, 25515, 23530.5, 96, 96, 'D7', '''1075'':4A ''amortigu'':5B ''delanter'':6B ''fram'':7C ''frm'':3A ''sus-frm'':1A ''suspension'':8C', '2026-05-20T04:44:42.382393+00:00') ON CONFLICT DO NOTHING;
INSERT INTO public.articulo (id, codigo_fabricante, codigo_barras, descripcion, marca_id, familia_id, grupo_equivalencia_id, precio_costo, precio_minorista, precio_mayorista, stock_actual, stock_minimo, ubicacion_deposito, tsv_busqueda, created_at) VALUES ('84873d02-a9f6-4b3b-b0c3-42372f86f98b', 'SUS-FRM-1076', '7797243619658', 'Bieleta suspensión', '022677b1-149c-45af-b61e-b244279244ae', 'fcd17de8-8678-4114-8b03-1d7f128b6395', NULL, 5200, 7020, 6474, 126, 126, 'A2', '''1076'':4A ''bielet'':5B ''fram'':7C ''frm'':3A ''sus-frm'':1A ''suspension'':6B,8C', '2026-05-20T04:44:42.382393+00:00') ON CONFLICT DO NOTHING;
INSERT INTO public.articulo (id, codigo_fabricante, codigo_barras, descripcion, marca_id, familia_id, grupo_equivalencia_id, precio_costo, precio_minorista, precio_mayorista, stock_actual, stock_minimo, ubicacion_deposito, tsv_busqueda, created_at) VALUES ('328768bc-da0e-4c08-8f86-8c9438b74411', 'SUS-FRM-1077', '7799041756733', 'Amortiguador delantero', '022677b1-149c-45af-b61e-b244279244ae', 'fcd17de8-8678-4114-8b03-1d7f128b6395', NULL, 15900, 21465, 19795.5, 84, 84, 'B2', '''1077'':4A ''amortigu'':5B ''delanter'':6B ''fram'':7C ''frm'':3A ''sus-frm'':1A ''suspension'':8C', '2026-05-20T04:44:42.382393+00:00') ON CONFLICT DO NOTHING;
INSERT INTO public.articulo (id, codigo_fabricante, codigo_barras, descripcion, marca_id, familia_id, grupo_equivalencia_id, precio_costo, precio_minorista, precio_mayorista, stock_actual, stock_minimo, ubicacion_deposito, tsv_busqueda, created_at) VALUES ('bc2c883c-e182-499b-bb55-017ce3aaed11', 'SUS-FRM-1078', '7790586051253', 'Brazo suspensión', '022677b1-149c-45af-b61e-b244279244ae', 'fcd17de8-8678-4114-8b03-1d7f128b6395', NULL, 10500, 14175, 13072.5, 4, 4, 'E4', '''1078'':4A ''braz'':5B ''fram'':7C ''frm'':3A ''sus-frm'':1A ''suspension'':6B,8C', '2026-05-20T04:44:42.382393+00:00') ON CONFLICT DO NOTHING;
INSERT INTO public.articulo (id, codigo_fabricante, codigo_barras, descripcion, marca_id, familia_id, grupo_equivalencia_id, precio_costo, precio_minorista, precio_mayorista, stock_actual, stock_minimo, ubicacion_deposito, tsv_busqueda, created_at) VALUES ('9eb48257-c6a9-44a2-8190-94fc4d49128b', 'SUS-NGK-1079', '7798327876622', 'Bieleta suspensión', '3ad63cea-b3d5-41c1-8357-40935f8e6c77', 'fcd17de8-8678-4114-8b03-1d7f128b6395', NULL, 4700, 6345, 5851.5, 32, 32, 'F1', '''1079'':4A ''bielet'':5B ''ngk'':3A,7C ''sus-ngk'':1A ''suspension'':6B,8C', '2026-05-20T04:44:42.382393+00:00') ON CONFLICT DO NOTHING;
INSERT INTO public.articulo (id, codigo_fabricante, codigo_barras, descripcion, marca_id, familia_id, grupo_equivalencia_id, precio_costo, precio_minorista, precio_mayorista, stock_actual, stock_minimo, ubicacion_deposito, tsv_busqueda, created_at) VALUES ('9a2e88ef-c886-4e00-874f-0830aeb7f5aa', 'SUS-NGK-1080', '7796974265240', 'Bieleta suspensión', '3ad63cea-b3d5-41c1-8357-40935f8e6c77', 'fcd17de8-8678-4114-8b03-1d7f128b6395', NULL, 4400, 5940, 5478, 113, 113, 'C2', '''1080'':4A ''bielet'':5B ''ngk'':3A,7C ''sus-ngk'':1A ''suspension'':6B,8C', '2026-05-20T04:44:42.382393+00:00') ON CONFLICT DO NOTHING;
INSERT INTO public.articulo (id, codigo_fabricante, codigo_barras, descripcion, marca_id, familia_id, grupo_equivalencia_id, precio_costo, precio_minorista, precio_mayorista, stock_actual, stock_minimo, ubicacion_deposito, tsv_busqueda, created_at) VALUES ('ddc34aca-417c-477b-90b1-0b506ad01a62', 'SUS-NGK-1081', '7799555079007', 'Bieleta suspensión', '3ad63cea-b3d5-41c1-8357-40935f8e6c77', 'fcd17de8-8678-4114-8b03-1d7f128b6395', NULL, 4600, 6210, 5727, 47, 47, 'G3', '''1081'':4A ''bielet'':5B ''ngk'':3A,7C ''sus-ngk'':1A ''suspension'':6B,8C', '2026-05-20T04:44:42.382393+00:00') ON CONFLICT DO NOTHING;
INSERT INTO public.articulo (id, codigo_fabricante, codigo_barras, descripcion, marca_id, familia_id, grupo_equivalencia_id, precio_costo, precio_minorista, precio_mayorista, stock_actual, stock_minimo, ubicacion_deposito, tsv_busqueda, created_at) VALUES ('d5e3c155-0f12-464f-99ab-0e218767f9a8', 'SUS-NGK-1082', '7795859311959', 'Amortiguador delantero', '3ad63cea-b3d5-41c1-8357-40935f8e6c77', 'fcd17de8-8678-4114-8b03-1d7f128b6395', NULL, 15500, 20925, 19297.5, 0, 5, 'D6', '''1082'':4A ''amortigu'':5B ''delanter'':6B ''ngk'':3A,7C ''sus-ngk'':1A ''suspension'':8C', '2026-05-20T04:44:42.382393+00:00') ON CONFLICT DO NOTHING;
INSERT INTO public.articulo (id, codigo_fabricante, codigo_barras, descripcion, marca_id, familia_id, grupo_equivalencia_id, precio_costo, precio_minorista, precio_mayorista, stock_actual, stock_minimo, ubicacion_deposito, tsv_busqueda, created_at) VALUES ('5d5ceb8d-71a5-4515-be36-8b5d1b9389bd', 'SUS-NGK-1083', '7795026933113', 'Brazo suspensión', '3ad63cea-b3d5-41c1-8357-40935f8e6c77', 'fcd17de8-8678-4114-8b03-1d7f128b6395', NULL, 11200, 15120, 13944, 41, 41, 'C5', '''1083'':4A ''braz'':5B ''ngk'':3A,7C ''sus-ngk'':1A ''suspension'':6B,8C', '2026-05-20T04:44:42.382393+00:00') ON CONFLICT DO NOTHING;
INSERT INTO public.articulo (id, codigo_fabricante, codigo_barras, descripcion, marca_id, familia_id, grupo_equivalencia_id, precio_costo, precio_minorista, precio_mayorista, stock_actual, stock_minimo, ubicacion_deposito, tsv_busqueda, created_at) VALUES ('eb2b2515-f2a2-4a16-bef6-a9ad90b9c85a', 'SUS-NGK-1084', '7795301278403', 'Bieleta suspensión', '3ad63cea-b3d5-41c1-8357-40935f8e6c77', 'fcd17de8-8678-4114-8b03-1d7f128b6395', NULL, 5000, 6750, 6225, 35, 35, 'G6', '''1084'':4A ''bielet'':5B ''ngk'':3A,7C ''sus-ngk'':1A ''suspension'':6B,8C', '2026-05-20T04:44:42.382393+00:00') ON CONFLICT DO NOTHING;
INSERT INTO public.articulo (id, codigo_fabricante, codigo_barras, descripcion, marca_id, familia_id, grupo_equivalencia_id, precio_costo, precio_minorista, precio_mayorista, stock_actual, stock_minimo, ubicacion_deposito, tsv_busqueda, created_at) VALUES ('59672611-8ea2-48e3-9476-b14e77b8f270', 'MOT-BOS-1085', '7799422434182', 'Correa de distribución', 'd5cf178b-58e4-4de5-bc62-57dd543d7d20', '775c08f5-e3f1-4cc0-94c3-5285e1a2ac60', NULL, 5300, 7155, 6598.5, 42, 42, 'B7', '''1085'':4A ''bos'':3A ''bosch'':8C ''corre'':5B ''distribu'':7B ''mot'':2A ''mot-b'':1A ''motor'':9C', '2026-05-20T04:44:42.382393+00:00') ON CONFLICT DO NOTHING;
INSERT INTO public.articulo (id, codigo_fabricante, codigo_barras, descripcion, marca_id, familia_id, grupo_equivalencia_id, precio_costo, precio_minorista, precio_mayorista, stock_actual, stock_minimo, ubicacion_deposito, tsv_busqueda, created_at) VALUES ('e8d2f275-e769-42fa-a41a-7911b0af662c', 'MOT-BOS-1087', '7794637959918', 'Correa de distribución', 'd5cf178b-58e4-4de5-bc62-57dd543d7d20', '775c08f5-e3f1-4cc0-94c3-5285e1a2ac60', NULL, 6100, 8235, 7594.5, 50, 50, 'D2', '''1087'':4A ''bos'':3A ''bosch'':8C ''corre'':5B ''distribu'':7B ''mot'':2A ''mot-b'':1A ''motor'':9C', '2026-05-20T04:44:42.382393+00:00') ON CONFLICT DO NOTHING;
INSERT INTO public.articulo (id, codigo_fabricante, codigo_barras, descripcion, marca_id, familia_id, grupo_equivalencia_id, precio_costo, precio_minorista, precio_mayorista, stock_actual, stock_minimo, ubicacion_deposito, tsv_busqueda, created_at) VALUES ('9a7a5aa4-0a6a-484c-922b-cffdcaaed47b', 'MOT-BOS-1088', '7798404536647', 'Correa de distribución', 'd5cf178b-58e4-4de5-bc62-57dd543d7d20', '775c08f5-e3f1-4cc0-94c3-5285e1a2ac60', NULL, 6300, 8505, 7843.5, 106, 106, 'F6', '''1088'':4A ''bos'':3A ''bosch'':8C ''corre'':5B ''distribu'':7B ''mot'':2A ''mot-b'':1A ''motor'':9C', '2026-05-20T04:44:42.382393+00:00') ON CONFLICT DO NOTHING;
INSERT INTO public.articulo (id, codigo_fabricante, codigo_barras, descripcion, marca_id, familia_id, grupo_equivalencia_id, precio_costo, precio_minorista, precio_mayorista, stock_actual, stock_minimo, ubicacion_deposito, tsv_busqueda, created_at) VALUES ('8bcece92-ef23-4f14-97b2-a1a350281b21', 'MOT-BOS-1089', '7790434667995', 'Correa de distribución', 'd5cf178b-58e4-4de5-bc62-57dd543d7d20', '775c08f5-e3f1-4cc0-94c3-5285e1a2ac60', NULL, 6100, 8235, 7594.5, 90, 90, 'B3', '''1089'':4A ''bos'':3A ''bosch'':8C ''corre'':5B ''distribu'':7B ''mot'':2A ''mot-b'':1A ''motor'':9C', '2026-05-20T04:44:42.382393+00:00') ON CONFLICT DO NOTHING;
INSERT INTO public.articulo (id, codigo_fabricante, codigo_barras, descripcion, marca_id, familia_id, grupo_equivalencia_id, precio_costo, precio_minorista, precio_mayorista, stock_actual, stock_minimo, ubicacion_deposito, tsv_busqueda, created_at) VALUES ('333efbc2-59c2-4bda-ae0b-a4be2a98b7e8', 'MOT-BOS-1090', '7795049042496', 'Bomba de agua', 'd5cf178b-58e4-4de5-bc62-57dd543d7d20', '775c08f5-e3f1-4cc0-94c3-5285e1a2ac60', NULL, 10200, 13770, 12699, 18, 18, 'C1', '''1090'':4A ''agu'':7B ''bomb'':5B ''bos'':3A ''bosch'':8C ''mot'':2A ''mot-b'':1A ''motor'':9C', '2026-05-20T04:44:42.382393+00:00') ON CONFLICT DO NOTHING;
INSERT INTO public.articulo (id, codigo_fabricante, codigo_barras, descripcion, marca_id, familia_id, grupo_equivalencia_id, precio_costo, precio_minorista, precio_mayorista, stock_actual, stock_minimo, ubicacion_deposito, tsv_busqueda, created_at) VALUES ('7c2e943e-e75f-4cb4-87c9-257562a44801', 'SUS-ACD-1072', '7790040722897', 'Amortiguador delantero', 'c4de08d6-9461-44ee-8ff2-d5a5d68d558e', 'fcd17de8-8678-4114-8b03-1d7f128b6395', NULL, 16700, 22545, 20791.5, 116, 121, 'H4', '''1072'':4A ''acd'':3A ''acdelc'':7C ''amortigu'':5B ''delanter'':6B ''sus-acd'':1A ''suspension'':8C', '2026-05-20T04:44:42.382393+00:00') ON CONFLICT DO NOTHING;
INSERT INTO public.articulo (id, codigo_fabricante, codigo_barras, descripcion, marca_id, familia_id, grupo_equivalencia_id, precio_costo, precio_minorista, precio_mayorista, stock_actual, stock_minimo, ubicacion_deposito, tsv_busqueda, created_at) VALUES ('5fd0bd33-0fe1-4c27-871b-c0f131066007', 'SUS-ACD-1068', '7796639847651', 'Amortiguador delantero', 'c4de08d6-9461-44ee-8ff2-d5a5d68d558e', 'fcd17de8-8678-4114-8b03-1d7f128b6395', NULL, 17500, 23625, 21787.5, 20, 23, 'E2', '''1068'':4A ''acd'':3A ''acdelc'':7C ''amortigu'':5B ''delanter'':6B ''sus-acd'':1A ''suspension'':8C', '2026-05-20T04:44:42.382393+00:00') ON CONFLICT DO NOTHING;
INSERT INTO public.articulo (id, codigo_fabricante, codigo_barras, descripcion, marca_id, familia_id, grupo_equivalencia_id, precio_costo, precio_minorista, precio_mayorista, stock_actual, stock_minimo, ubicacion_deposito, tsv_busqueda, created_at) VALUES ('327e5448-aa4d-47fa-ab99-4babc8f8e8d0', 'MOT-VAL-1091', '7797026409100', 'Correa de distribución', '1e95493e-8262-4c25-8fea-1ec26fc0d623', '775c08f5-e3f1-4cc0-94c3-5285e1a2ac60', NULL, 6400, 8640, 7968, 103, 103, 'B4', '''1091'':4A ''corre'':5B ''distribu'':7B ''mot'':2A ''mot-val'':1A ''motor'':9C ''val'':3A ''vale'':8C', '2026-05-20T04:44:42.382393+00:00') ON CONFLICT DO NOTHING;
INSERT INTO public.articulo (id, codigo_fabricante, codigo_barras, descripcion, marca_id, familia_id, grupo_equivalencia_id, precio_costo, precio_minorista, precio_mayorista, stock_actual, stock_minimo, ubicacion_deposito, tsv_busqueda, created_at) VALUES ('698bec5b-e7bc-4310-a344-86fc6a3a90eb', 'MOT-VAL-1092', '7798350282162', 'Soporte de motor', '1e95493e-8262-4c25-8fea-1ec26fc0d623', '775c08f5-e3f1-4cc0-94c3-5285e1a2ac60', NULL, 6400, 8640, 7968, 13, 13, 'G1', '''1092'':4A ''mot'':2A ''mot-val'':1A ''motor'':7B,9C ''soport'':5B ''val'':3A ''vale'':8C', '2026-05-20T04:44:42.382393+00:00') ON CONFLICT DO NOTHING;
INSERT INTO public.articulo (id, codigo_fabricante, codigo_barras, descripcion, marca_id, familia_id, grupo_equivalencia_id, precio_costo, precio_minorista, precio_mayorista, stock_actual, stock_minimo, ubicacion_deposito, tsv_busqueda, created_at) VALUES ('09a10803-4e96-41bf-9a18-1dfed3499cf2', 'MOT-VAL-1093', '7793836575424', 'Correa de distribución', '1e95493e-8262-4c25-8fea-1ec26fc0d623', '775c08f5-e3f1-4cc0-94c3-5285e1a2ac60', NULL, 5200, 7020, 6474, 147, 147, 'D6', '''1093'':4A ''corre'':5B ''distribu'':7B ''mot'':2A ''mot-val'':1A ''motor'':9C ''val'':3A ''vale'':8C', '2026-05-20T04:44:42.382393+00:00') ON CONFLICT DO NOTHING;
INSERT INTO public.articulo (id, codigo_fabricante, codigo_barras, descripcion, marca_id, familia_id, grupo_equivalencia_id, precio_costo, precio_minorista, precio_mayorista, stock_actual, stock_minimo, ubicacion_deposito, tsv_busqueda, created_at) VALUES ('87944b42-c5dc-4855-a33f-db3576a3a4fa', 'MOT-VAL-1094', '7794412632470', 'Correa de distribución', '1e95493e-8262-4c25-8fea-1ec26fc0d623', '775c08f5-e3f1-4cc0-94c3-5285e1a2ac60', NULL, 6000, 8100, 7470, 13, 13, 'C5', '''1094'':4A ''corre'':5B ''distribu'':7B ''mot'':2A ''mot-val'':1A ''motor'':9C ''val'':3A ''vale'':8C', '2026-05-20T04:44:42.382393+00:00') ON CONFLICT DO NOTHING;
INSERT INTO public.articulo (id, codigo_fabricante, codigo_barras, descripcion, marca_id, familia_id, grupo_equivalencia_id, precio_costo, precio_minorista, precio_mayorista, stock_actual, stock_minimo, ubicacion_deposito, tsv_busqueda, created_at) VALUES ('d20a1417-0353-49f4-94bf-36d43259e9bb', 'MOT-VAL-1095', '7790706113007', 'Soporte de motor', '1e95493e-8262-4c25-8fea-1ec26fc0d623', '775c08f5-e3f1-4cc0-94c3-5285e1a2ac60', NULL, 7100, 9585, 8839.5, 45, 45, 'F4', '''1095'':4A ''mot'':2A ''mot-val'':1A ''motor'':7B,9C ''soport'':5B ''val'':3A ''vale'':8C', '2026-05-20T04:44:42.382393+00:00') ON CONFLICT DO NOTHING;
INSERT INTO public.articulo (id, codigo_fabricante, codigo_barras, descripcion, marca_id, familia_id, grupo_equivalencia_id, precio_costo, precio_minorista, precio_mayorista, stock_actual, stock_minimo, ubicacion_deposito, tsv_busqueda, created_at) VALUES ('2491eb85-4840-40ef-8736-4c8f478a74b7', 'MOT-VAL-1096', '7793287657663', 'Soporte de motor', '1e95493e-8262-4c25-8fea-1ec26fc0d623', '775c08f5-e3f1-4cc0-94c3-5285e1a2ac60', NULL, 8200, 11070, 10209, 94, 94, 'D1', '''1096'':4A ''mot'':2A ''mot-val'':1A ''motor'':7B,9C ''soport'':5B ''val'':3A ''vale'':8C', '2026-05-20T04:44:42.382393+00:00') ON CONFLICT DO NOTHING;
INSERT INTO public.articulo (id, codigo_fabricante, codigo_barras, descripcion, marca_id, familia_id, grupo_equivalencia_id, precio_costo, precio_minorista, precio_mayorista, stock_actual, stock_minimo, ubicacion_deposito, tsv_busqueda, created_at) VALUES ('fa7624f7-831e-48de-b8d6-c8a9c2e42706', 'MOT-SKF-1097', '7799004961990', 'Correa de distribución', '1ded4b29-9463-46e9-8d97-f8c9de01c482', '775c08f5-e3f1-4cc0-94c3-5285e1a2ac60', NULL, 5500, 7425, 6847.5, 87, 87, 'B7', '''1097'':4A ''corre'':5B ''distribu'':7B ''mot'':2A ''mot-skf'':1A ''motor'':9C ''skf'':3A,8C', '2026-05-20T04:44:42.382393+00:00') ON CONFLICT DO NOTHING;
INSERT INTO public.articulo (id, codigo_fabricante, codigo_barras, descripcion, marca_id, familia_id, grupo_equivalencia_id, precio_costo, precio_minorista, precio_mayorista, stock_actual, stock_minimo, ubicacion_deposito, tsv_busqueda, created_at) VALUES ('6ac86cf4-8783-426f-855e-2dff38917b74', 'MOT-SKF-1098', '7793484846785', 'Bomba de agua', '1ded4b29-9463-46e9-8d97-f8c9de01c482', '775c08f5-e3f1-4cc0-94c3-5285e1a2ac60', NULL, 8500, 11475, 10582.5, 12, 12, 'A2', '''1098'':4A ''agu'':7B ''bomb'':5B ''mot'':2A ''mot-skf'':1A ''motor'':9C ''skf'':3A,8C', '2026-05-20T04:44:42.382393+00:00') ON CONFLICT DO NOTHING;
INSERT INTO public.articulo (id, codigo_fabricante, codigo_barras, descripcion, marca_id, familia_id, grupo_equivalencia_id, precio_costo, precio_minorista, precio_mayorista, stock_actual, stock_minimo, ubicacion_deposito, tsv_busqueda, created_at) VALUES ('4c000a4c-fc1b-4561-8621-32bf05ccd952', 'MOT-SKF-1099', '7792019887224', 'Soporte de motor', '1ded4b29-9463-46e9-8d97-f8c9de01c482', '775c08f5-e3f1-4cc0-94c3-5285e1a2ac60', NULL, 6900, 9315, 8590.5, 58, 58, 'B5', '''1099'':4A ''mot'':2A ''mot-skf'':1A ''motor'':7B,9C ''skf'':3A,8C ''soport'':5B', '2026-05-20T04:44:42.382393+00:00') ON CONFLICT DO NOTHING;
INSERT INTO public.articulo (id, codigo_fabricante, codigo_barras, descripcion, marca_id, familia_id, grupo_equivalencia_id, precio_costo, precio_minorista, precio_mayorista, stock_actual, stock_minimo, ubicacion_deposito, tsv_busqueda, created_at) VALUES ('860b3964-9965-4eca-8894-5d46ec4e6e97', 'MOT-SKF-1100', '7791457744069', 'Correa de distribución', '1ded4b29-9463-46e9-8d97-f8c9de01c482', '775c08f5-e3f1-4cc0-94c3-5285e1a2ac60', NULL, 6300, 8505, 7843.5, 113, 113, 'H1', '''1100'':4A ''corre'':5B ''distribu'':7B ''mot'':2A ''mot-skf'':1A ''motor'':9C ''skf'':3A,8C', '2026-05-20T04:44:42.382393+00:00') ON CONFLICT DO NOTHING;
INSERT INTO public.articulo (id, codigo_fabricante, codigo_barras, descripcion, marca_id, familia_id, grupo_equivalencia_id, precio_costo, precio_minorista, precio_mayorista, stock_actual, stock_minimo, ubicacion_deposito, tsv_busqueda, created_at) VALUES ('07b863cb-bc83-4dd9-90a3-80c80f73c664', 'FRE-BOS-1001', '7795145154284', 'Pastillas de freno', 'd5cf178b-58e4-4de5-bc62-57dd543d7d20', '07f67641-e643-49a6-8ffc-ab32965fc1ce', NULL, 8300, 11205, 10333.5, 120, 78, 'C7', '''1001'':4A ''bos'':3A ''bosch'':8C ''fre'':2A ''fre-b'':1A ''fren'':7B,9C ''pastill'':5B', '2026-05-20T04:44:42.382393+00:00') ON CONFLICT DO NOTHING;
INSERT INTO public.articulo (id, codigo_fabricante, codigo_barras, descripcion, marca_id, familia_id, grupo_equivalencia_id, precio_costo, precio_minorista, precio_mayorista, stock_actual, stock_minimo, ubicacion_deposito, tsv_busqueda, created_at) VALUES ('823af98b-a177-4fe5-992a-980320642c94', 'MOT-BOS-1086', '7799002352967', 'Correa de distribución', 'd5cf178b-58e4-4de5-bc62-57dd543d7d20', '775c08f5-e3f1-4cc0-94c3-5285e1a2ac60', NULL, 5800, 7830, 7221, 9, 97, 'E4', '''1086'':4A ''bos'':3A ''bosch'':8C ''corre'':5B ''distribu'':7B ''mot'':2A ''mot-b'':1A ''motor'':9C', '2026-05-20T04:44:42.382393+00:00') ON CONFLICT DO NOTHING;
INSERT INTO public.articulo (id, codigo_fabricante, codigo_barras, descripcion, marca_id, familia_id, grupo_equivalencia_id, precio_costo, precio_minorista, precio_mayorista, stock_actual, stock_minimo, ubicacion_deposito, tsv_busqueda, created_at) VALUES ('2ccf33d6-f5f4-4825-85ea-472b9071c418', 'FRE-BOS-1005', '7794466579059', 'Pastillas de freno', 'd5cf178b-58e4-4de5-bc62-57dd543d7d20', '07f67641-e643-49a6-8ffc-ab32965fc1ce', NULL, 8300, 11205, 10333.5, 60, 33, 'D4', '''1005'':4A ''bos'':3A ''bosch'':8C ''fre'':2A ''fre-b'':1A ''fren'':7B,9C ''pastill'':5B', '2026-05-20T04:44:42.382393+00:00') ON CONFLICT DO NOTHING;
INSERT INTO public.articulo (id, codigo_fabricante, codigo_barras, descripcion, marca_id, familia_id, grupo_equivalencia_id, precio_costo, precio_minorista, precio_mayorista, stock_actual, stock_minimo, ubicacion_deposito, tsv_busqueda, created_at) VALUES ('e31cc910-3586-4fc2-bbac-199bf00d295c', 'SUS-BOS-1047', '7790664525577', 'Amortiguador delantero', 'd5cf178b-58e4-4de5-bc62-57dd543d7d20', 'fcd17de8-8678-4114-8b03-1d7f128b6395', NULL, 17600, 23760, 21912, 54, 62, 'B1', '''1047'':4A ''amortigu'':5B ''bos'':3A ''bosch'':7C ''delanter'':6B ''sus-b'':1A ''suspension'':8C', '2026-05-20T04:44:42.382393+00:00') ON CONFLICT DO NOTHING;

-- Datos para tabla public.company_profile (2 registros)
INSERT INTO public.company_profile (cuit, razon_social, nombre_fantasia, condicion_iva, ingresos_brutos, inicio_actividades, direccion, punto_venta, afip_mode, afip_cert, afip_key) VALUES ('33987656354', 'Retail S.R.L', 'Retail Rep2', 'Responsable Inscripto', 'IIBB', '01/04/2022', 'Av Salsera 333', 3, 'edge_simulation', NULL, NULL) ON CONFLICT DO NOTHING;
INSERT INTO public.company_profile (cuit, razon_social, nombre_fantasia, condicion_iva, ingresos_brutos, inicio_actividades, direccion, punto_venta, afip_mode, afip_cert, afip_key) VALUES ('33987654451', 'RL S.A', 'Retail Repuestos', 'Responsable Inscripto', 'IIBB', '01/01/2001', 'Av Falsa 4544', 1, 'edge_simulation', NULL, NULL) ON CONFLICT DO NOTHING;

-- Datos para tabla public.customers (2 registros)
INSERT INTO public.customers (id, cuit, razon_social, condicion_iva, direccion, email, phone) VALUES ('97432b34-29e3-418d-88be-01dc30bd7b6d', '2032878221', 'MO Rep', 'Consumidor Final', 'Calle Falda 222', 'morep@mo.com', '3413192179') ON CONFLICT DO NOTHING;
INSERT INTO public.customers (id, cuit, razon_social, condicion_iva, direccion, email, phone) VALUES ('f935bfaa-9042-46c0-9a60-de64f141d0a8', '312233320', 'JMJJ', 'Consumidor Final', 'jaja 999', NULL, NULL) ON CONFLICT DO NOTHING;

-- Datos para tabla public.caja_sesion (1 registros)
INSERT INTO public.caja_sesion (id, cuit, user_id, estado, monto_inicial, monto_teorico, monto_real, diferencia, fecha_apertura, fecha_cierre, notas) VALUES ('466e656a-f2c7-4596-a533-d74dee69028a', '33987654451', '3efc18a7-d7e3-4509-99f8-01a8471909b6', 'abierta', 0, 0, NULL, NULL, '2026-05-21T17:05:04.935322+00:00', NULL, NULL) ON CONFLICT DO NOTHING;

-- Datos para tabla public.customer_credit_accounts (1 registros)
INSERT INTO public.customer_credit_accounts (id, client_id, company_cuit, tiene_cuenta_corriente, limite_credito, saldo_actual, created_at) VALUES ('9f5b1a9a-fe67-4eb1-813b-4c28762db579', '97432b34-29e3-418d-88be-01dc30bd7b6d', '33987654451', TRUE, 5000000, 0, '2026-05-21T19:13:25.942991+00:00') ON CONFLICT DO NOTHING;

-- Datos para tabla public.accounting_accounts (30 registros)
INSERT INTO public.accounting_accounts (code, name, parent_code, type) VALUES ('1', 'Activo', NULL, 'asset') ON CONFLICT DO NOTHING;
INSERT INTO public.accounting_accounts (code, name, parent_code, type) VALUES ('1.1', 'Activo Corriente', '1', 'asset') ON CONFLICT DO NOTHING;
INSERT INTO public.accounting_accounts (code, name, parent_code, type) VALUES ('1.1.1', 'Caja y Bancos', '1.1', 'asset') ON CONFLICT DO NOTHING;
INSERT INTO public.accounting_accounts (code, name, parent_code, type) VALUES ('1.1.1.01', 'Caja General', '1.1.1', 'asset') ON CONFLICT DO NOTHING;
INSERT INTO public.accounting_accounts (code, name, parent_code, type) VALUES ('1.1.1.02', 'Banco Cuenta Corriente', '1.1.1', 'asset') ON CONFLICT DO NOTHING;
INSERT INTO public.accounting_accounts (code, name, parent_code, type) VALUES ('1.1.3', 'Créditos por Ventas', '1.1', 'asset') ON CONFLICT DO NOTHING;
INSERT INTO public.accounting_accounts (code, name, parent_code, type) VALUES ('1.1.3.01', 'Deudores por Ventas (Clientes)', '1.1.3', 'asset') ON CONFLICT DO NOTHING;
INSERT INTO public.accounting_accounts (code, name, parent_code, type) VALUES ('1.1.5', 'Bienes de Cambio', '1.1', 'asset') ON CONFLICT DO NOTHING;
INSERT INTO public.accounting_accounts (code, name, parent_code, type) VALUES ('1.1.5.01', 'Mercadería de Reventa (Inventario)', '1.1.5', 'asset') ON CONFLICT DO NOTHING;
INSERT INTO public.accounting_accounts (code, name, parent_code, type) VALUES ('2', 'Pasivo', NULL, 'liability') ON CONFLICT DO NOTHING;
INSERT INTO public.accounting_accounts (code, name, parent_code, type) VALUES ('2.1', 'Pasivo Corriente', '2', 'liability') ON CONFLICT DO NOTHING;
INSERT INTO public.accounting_accounts (code, name, parent_code, type) VALUES ('2.1.1', 'Proveedores Comerciales', '2.1', 'liability') ON CONFLICT DO NOTHING;
INSERT INTO public.accounting_accounts (code, name, parent_code, type) VALUES ('2.1.1.01', 'Proveedores locales', '2.1.1', 'liability') ON CONFLICT DO NOTHING;
INSERT INTO public.accounting_accounts (code, name, parent_code, type) VALUES ('2.1.3', 'Obligaciones Fiscales', '2.1', 'liability') ON CONFLICT DO NOTHING;
INSERT INTO public.accounting_accounts (code, name, parent_code, type) VALUES ('2.1.3.01', 'IVA Débito Fiscal', '2.1.3', 'liability') ON CONFLICT DO NOTHING;
INSERT INTO public.accounting_accounts (code, name, parent_code, type) VALUES ('2.1.3.02', 'IVA Crédito Fiscal', '2.1.3', 'liability') ON CONFLICT DO NOTHING;
INSERT INTO public.accounting_accounts (code, name, parent_code, type) VALUES ('3', 'Patrimonio Neto', NULL, 'equity') ON CONFLICT DO NOTHING;
INSERT INTO public.accounting_accounts (code, name, parent_code, type) VALUES ('3.1', 'Capital', '3', 'equity') ON CONFLICT DO NOTHING;
INSERT INTO public.accounting_accounts (code, name, parent_code, type) VALUES ('3.1.01', 'Capital Social', '3.1', 'equity') ON CONFLICT DO NOTHING;
INSERT INTO public.accounting_accounts (code, name, parent_code, type) VALUES ('4', 'Ingresos', NULL, 'revenue') ON CONFLICT DO NOTHING;
INSERT INTO public.accounting_accounts (code, name, parent_code, type) VALUES ('4.1', 'Ingresos Operativos', '4', 'revenue') ON CONFLICT DO NOTHING;
INSERT INTO public.accounting_accounts (code, name, parent_code, type) VALUES ('4.1.1.01', 'Ventas de Repuestos', '4.1', 'revenue') ON CONFLICT DO NOTHING;
INSERT INTO public.accounting_accounts (code, name, parent_code, type) VALUES ('4.2', 'Ingresos No Operativos', '4', 'revenue') ON CONFLICT DO NOTHING;
INSERT INTO public.accounting_accounts (code, name, parent_code, type) VALUES ('4.2.1.01', 'Sobrantes de Caja', '4.2', 'revenue') ON CONFLICT DO NOTHING;
INSERT INTO public.accounting_accounts (code, name, parent_code, type) VALUES ('5', 'Costos y Gastos', NULL, 'expense') ON CONFLICT DO NOTHING;
INSERT INTO public.accounting_accounts (code, name, parent_code, type) VALUES ('5.1', 'Costos de Venta', '5', 'expense') ON CONFLICT DO NOTHING;
INSERT INTO public.accounting_accounts (code, name, parent_code, type) VALUES ('5.1.1.01', 'Costo de Mercadería Vendida (CMV)', '5.1', 'expense') ON CONFLICT DO NOTHING;
INSERT INTO public.accounting_accounts (code, name, parent_code, type) VALUES ('5.1.2', 'Otros Costos Operativos', '5', 'expense') ON CONFLICT DO NOTHING;
INSERT INTO public.accounting_accounts (code, name, parent_code, type) VALUES ('5.1.2.01', 'Faltantes de Caja', '5.1.2', 'expense') ON CONFLICT DO NOTHING;
INSERT INTO public.accounting_accounts (code, name, parent_code, type) VALUES ('6', 'Gastos Operativos', NULL, 'expense') ON CONFLICT DO NOTHING;

-- Datos para tabla public.arca_credentials (1 registros)
INSERT INTO public.arca_credentials (company_cuit, private_key, certificate, punto_venta, environment, created_at, updated_at) VALUES ('33987654451', '2857542865afa82d88d953cf:89d06f2b717ce0b801f46e7f8fe9921e:5d13d7dd9a3f474fe0cd3077b8105d97bbd35ddfe55684c2da34d11faabcc2ad41e6065e785d5113961a55956116b33e013e86a81af4bb30b885085b17d0685b95aa3edd874f964a8312f900b7d22e52a405b7897d5782d6348a31dc9953260dfba19a85e1e87d7685dde621214cb86e0159700c9912387ef9676f8da916bd13d3413caad57c736d7414bf92a749d6afcf9513af63eb4663b3b8c6ea8d2cd78108bdbec406dbd2212db0fd72ce47f5d019aba4c351c678fb9eff5877f723bf7ab95f4f18aef62bc468c7e5b592085802a6c7f176ff1fc50a013db9f435e9a597485ff59d1c4ea9876e868c3992bcc0ab15c6f703358f2836de3b7d5e40e981963ff2ac0f309225acf0f07f1d98aa24729f94afa9033ff9a8c4164a7ddbd3ab97c9b84e6b5e00c0e5515ccea8980e649bc76a61207f7fc117406f6e82004748c4ffbe5d73263bf28bd6fdcdb37b71cdbb1b196e15acbc51b171fecdb21d93644c47333dfbf3a93cf6370fe8ddec74ea5189fe1bc676e0ab8e3c113aa997a60153206dfda87c20a1182d3d87c6a165881b6653f11cdd2ba9cbb1ebd07a39d8613c1ca93ced2ff12fe3b55d4c4b4cb5325910e3ee25b1fa79cdbd792e860b7013d3192d8d6312a40b815ca5d442d182943c27801d9bd6eaf9d779da7327be8fe662e4566f9d2fc12816999a5de87882389737fd44c17ace47a8363284578a517a6ed6a294fb4efc4e2a5b8a6d5240f63728304b16b6247dccaacab5d0211998b848d9ccabef8904de5c00d01683f412767f4fc264f65026a0aa8c39071e022ad249ae1f2a0651d5c351597006d5a4529f5163c4f0f7f224c571accc5a0d2d0dd0156acbfe749c1748d428f4694262b899f5440a5cc66dca29dacc2a3546a4cf3bc623abe4775193ed051f0062377555ffae0ca170f30576da5a495cb9ca608d12ab12f32cb2bb05c0435e8766cb55ef43421b0a1f549fcb6f3807f80a25a047f81bdce07e86c439808a8b741053d5500dbdaca92301683deff9144daae03d84a47f5d7e1aa4142f6991ed468cb73473372cf055b08bfa722643d6ab45fab513f15fe87b48e09de506b86186acd0548a00077d73b8ae5217d0884cef67a9ca701397c492197eb82113ebe1567e669913690ff9f3a586ed848dacc7d6ed45f1efcb36379b986b51c33d3086da16d483b2338fc722775a5e125b106e7d8cc60a034aaf35500dd1d3c0c37c1fabf7200733a705edc36d2ad0bef7c6261f0c4e7371674e7cb8b4495eebfc8e715cbd670b0a2d4ba92c219aaf6e27bc08567f11b437880e28741780437d5f403ebfe027d1f87de2d23c66e160c35ce4d47b90bb7a468fb632479d69e7f398b13ac084e157a63bd417781dd5b0759aac0eb62e84962e0a81c21fb57516ff183b1a8faa28b235f202c56aac08111eef0a97cc91d784c029e10f4fdfa354fcbd4be21c3846b976c1b6794355471b55097f39cb73f40afeaa50ddec49964674bfff3c2a0b310f98220d096629f15fd36e14a7ceb9ee194214812a1835ca300c2813b350cb6f584b74b4b0daebde436a5e5a146bbf65f571a59d9b67fb50e97b9209c774b1771238d7063381f18f8cb09d5bfc0355dec04475bb22ddf07bbcc29fc75912049d52227f18566d8476ed3d0c2ee995a7080ccbddd84d443b8a76a0f4706a27bbc52eb6bb68a2ab573f623720b284e097b2817d070aa26c0eace2d001bd1167bcffa2ebbd6c6ac7e09dd5e3db47fbb5779a2a0fbe300a05d87eac411042c0ebec6ef135e2a3a7e558f980fb0c630ee3fd25946bbe3f189f3380cf7b5ad36b6881f6b1dbea9177724cac24a275be69fb9966668bbc7714dd71dc4041ae3fe3e737854e383d49c6a7575c0059f75661e661b8983ae089dfaae527fd1b975082448ca51c8d1cfc31917fd8e2a7651c383df1f93d1ad09e9f7021cd2c24771e8570ceb7eeea1cbdd29e39dc9e7fe412709ab5baf1783a9636a684dfdbf0cf1edc18bc9a390ca2b2fffa734c1adcb16055f66b6f8988e80c42601379f75331454bd33f7ab21d43efcdfcc8b2b077472be11b759658fee0362dba43cff4febc02a5243856c635af9dc394e029f8b5da6a0509c5348a246b37ce56ec256bb6cb97f403f2e758efe3a89ae212a185cbee74daa0702e7ca5cf67aa685f84bf7aa146fd6e8b9d4a2acdb4908369751de8fc41a98b0d6e78eb183ddbe5f40f5144e38c7d9470d764612f28de957738d23ec1db9364760501be636c417c86151338f4dc4bb78230084ac2a7826204316c326ba0fcc9aef795685c9ad9542a8df3fb3ba050ab8c0c6d6bb0ac6c64e2b942cec082aef584cd5653c54683097b96d90fef3b2085ed8928f365c4124e630f4b29756492d73aa00c52c6d42616c09d3ce7', 'MOCK_SIMULATED_CERTIFICATE_PEM_BYPASS_MODE', 1, 'simulation', '2026-05-21T19:51:58.917+00:00', '2026-05-21T20:05:18.792+00:00') ON CONFLICT DO NOTHING;

-- Habilitar triggers nuevamente
ALTER TABLE public.marca ENABLE TRIGGER ALL;
ALTER TABLE public.auto_marca ENABLE TRIGGER ALL;
ALTER TABLE public.auto_modelo ENABLE TRIGGER ALL;
ALTER TABLE public.auto_version ENABLE TRIGGER ALL;
ALTER TABLE public.familia_repuesto ENABLE TRIGGER ALL;
ALTER TABLE public.articulo ENABLE TRIGGER ALL;
ALTER TABLE public.company_profile ENABLE TRIGGER ALL;
ALTER TABLE public.customers ENABLE TRIGGER ALL;
ALTER TABLE public.caja_sesion ENABLE TRIGGER ALL;
ALTER TABLE public.customer_credit_accounts ENABLE TRIGGER ALL;
ALTER TABLE public.accounting_accounts ENABLE TRIGGER ALL;
ALTER TABLE public.arca_credentials ENABLE TRIGGER ALL;
ALTER TABLE public.grupo_equivalencia ENABLE TRIGGER ALL;
ALTER TABLE public.users ENABLE TRIGGER ALL;
ALTER TABLE public.inventory ENABLE TRIGGER ALL;
ALTER TABLE public.afip_vouchers ENABLE TRIGGER ALL;
ALTER TABLE public.accounting_transactions ENABLE TRIGGER ALL;
ALTER TABLE public.accounting_entries ENABLE TRIGGER ALL;
ALTER TABLE public.caja_movimiento ENABLE TRIGGER ALL;
ALTER TABLE public.customer_credit_movements ENABLE TRIGGER ALL;
ALTER TABLE public.articulo_compatibilidad ENABLE TRIGGER ALL;

COMMIT;
